,Name,Status,Constituency name,Constituency size,Number of electors,1-Employees' salaries,2-Service Contracts,3-Travel,Member,Designated traveller,Dependants,Employees,Member's accommodation expenses,Member's per diem expenses,Member's secondary residence expenses,4-Hospitality,5-Gifts,6-Advertising,7-Printing,Householders,Ten percenters,Other printing related expenses,8-Offices,"Constituency office leases, insurance and utilities","Furniture, furnishing and equipment purchases",Equipment rentals,Informatics and telecommunication equipment purchases,Telecommunication services,Repairs and maintenance,Postage and courier services,Materials and supplies,Training,Total
0,"Aboultaif,Ziad",Active,Edmonton Manning,158km²,"89,968","53,194.10",500.00,,956.20,-,-,-,-,-,"8,517.32",-,-,798.33,,-,-,-,,"9,558.32",-,-,44.99,481.48,-,-,49.50,-,"74,100.24"
1,"Aitchison,Scott",Active,Parry Sound—Muskoka,"14,402km²","83,362","51,822.64",-,,674.82,-,-,-,-,322.01,676.79,-,-,590.00,,-,-,-,,"16,000.00",-,-,134.97,"1,183.58",338.00,-,120.00,-,"71,862.81"
2,"Albas,Dan",Active,Central Okanagan—Similkameen—Nicola,"16,208km²","95,597","66,389.21","1,264.30",,"1,923.72",-,-,-,-,"1,671.16","4,657.53",127.86,-,"7,765.22",,-,-,-,,"10,545.99",-,-,-,951.83,-,8.55,822.52,13.82,"96,141.71"
3,"Alghabra,Hon. Omar",Active,Mississauga Centre,24km²,"87,888","50,896.13",284.15,,913.72,-,-,-,-,786.43,"3,259.97",-,-,-,,-,"9,311.59",600.00,,"13,400.06",125.00,391.00,"4,059.99","4,368.53",529.81,652.61,452.78,69.10,"90,100.87"
4,"Alleslev,Leona",Active,Aurora—Oak Ridges—Richmond Hill,100km²,"83,340","34,508.90",942.28,,410.22,323.52,-,-,-,294.91,"7,876.17",-,-,"5,946.22",,-,-,-,,"8,863.35",-,201.95,-,525.54,-,-,-,13.82,"59,906.88"
5,"Allison,Dean",Active,Niagara West,"1,057km²","74,983","52,294.11",325.00,,"2,280.15","2,256.74",-,-,-,"1,277.94","6,892.03",-,-,"4,053.50",,"4,971.18",-,-,,"13,556.26",-,500.50,"2,997.39","1,155.00",-,85.34,177.84,-,"92,822.98"
6,"Amos,William",Active,Pontiac,"30,586km²","92,341","54,869.69",100.00,,-,-,-,-,-,-,-,-,-,"6,297.19",,-,-,-,,"12,749.68",-,-,817.29,"2,750.55",698.81,-,-,-,"78,283.21"
7,"Anand,Hon. Anita",Active,Oakville,83km²,"90,334","40,075.83",300.00,,-,-,-,-,-,-,"10,000.00",-,-,250.00,,-,-,-,,"14,400.00",-,-,-,785.80,360.81,-,198.00,-,"66,370.44"
8,"Anandasangaree,Gary",Active,Scarborough—Rouge Park,57km²,"77,449","42,870.36","4,975.00",,399.74,-,-,-,-,-,"9,150.41",880.00,87.95,"1,120.00",,-,"3,205.00",-,,"15,600.00",546.29,-,334.27,350.62,360.81,779.72,238.46,-,"80,898.63"
9,"Angus,Charlie",Active,Timmins—James Bay,"251,599km²","63,903","52,136.50","4,455.90",,959.40,-,-,231.54,-,688.12,"4,498.36",-,-,"3,842.10",,-,-,-,,"11,207.00",-,300.00,"5,158.00","1,070.22",120.00,-,102.37,-,"84,769.51"
10,"Arnold,Mel",Active,North Okanagan—Shuswap,"16,734km²","107,712","46,671.80",475.00,,"2,256.74",-,-,-,-,-,"8,086.90",-,-,249.50,,-,-,-,,"10,451.76",331.44,-,104.45,"1,036.96",-,83.60,"1,292.06",-,"71,040.21"
11,"Arseneault,René",Active,Madawaska—Restigouche,"11,962km²","50,828","43,196.03",-,,"2,071.48",-,-,284.34,-,786.43,"6,520.00",-,-,"5,119.00",,-,-,-,,"10,465.60",-,-,"4,020.00",666.21,360.81,-,"2,253.60",-,"75,743.50"
12,"Arya,Chandra",Active,Nepean,179km²,"93,734","42,975.04",438.75,,"2,311.52",-,-,-,142.64,-,-,-,-,511.96,,"9,961.17",-,30.04,,"22,293.21",-,-,-,778.01,360.81,-,66.00,-,"79,869.15"
13,"Ashton,Niki",Active,Churchill—Keewatinook Aski,"494,701km²","51,482","64,342.32",-,,"2,854.02","6,804.48","5,113.84",-,-,-,"2,908.78",53.36,-,826.66,,-,-,-,,"7,620.06",-,-,-,719.41,-,11.46,194.83,-,"91,449.22"
14,"Atwin,Jenica",Active,Fredericton,"1,678km²","66,606","53,407.49",632.35,,-,-,-,-,-,-,"5,000.00",-,-,30.00,,-,-,-,,-,-,"2,400.00",151.67,600.95,-,-,717.43,-,"62,939.89"
15,"Bachrach,Taylor",Active,Skeena—Bulkley Valley,"327,275km²","67,474","61,409.45",20.00,,"6,007.25","1,611.93","3,223.86","2,736.82",778.35,952.94,"6,182.21",-,-,"5,380.90",,-,-,-,,"18,257.52",571.25,-,"1,639.60",867.73,-,188.13,"1,563.42",-,"111,391.36"
16,"Badawey,Vance",Active,Niagara Centre,334km²,"90,968","50,555.54","1,005.00",,796.08,-,-,-,-,271.74,"9,263.40",-,64.95,"1,828.60",,-,-,-,,"10,833.12",-,-,144.98,734.54,485.81,325.21,797.30,-,"77,106.27"
17,"Bagnell,Hon. Larry",Active,Yukon,"482,443km²","29,591","55,441.58",324.97,,"4,658.33",-,-,"1,043.29",-,-,"5,418.48",-,-,314.00,,"2,232.55",-,-,,"15,100.00",-,-,"2,798.00",814.72,360.81,-,376.20,-,"88,882.93"
18,"Bains,Hon. Navdeep",Active,Mississauga—Malton,102km²,"79,810","51,932.92",-,,-,666.04,-,-,-,-,-,-,-,-,,-,-,-,,"11,995.32",-,-,"4,220.00",379.06,360.81,-,-,-,"69,554.15"
19,"Baker,Yvan",Active,Etobicoke Centre,39km²,"92,638","44,865.46",-,,-,-,-,-,-,-,-,-,289.63,"10,806.13",,"5,325.00",-,-,,"10,496.23",234.94,-,-,654.35,360.81,597.93,"1,219.34",-,"74,849.82"
20,"Baldinelli,Tony",Active,Niagara Falls,579km²,"113,232","53,203.63",755.00,,"1,197.90",-,-,-,-,-,"9,876.00",-,-,"2,757.00",,-,-,-,,"14,182.00",719.98,-,-,210.00,169.00,-,493.10,-,"83,563.61"
21,"Barlow,John",Active,Foothills,"20,877km²","87,873","51,105.99","23,138.03",,"3,662.41",-,-,-,-,813.70,"7,350.00",-,-,"1,836.83",,-,-,-,,"10,480.91",-,-,"2,072.00",641.68,-,-,21.98,-,"101,123.53"
22,"Barrett,Michael",Active,Leeds—Grenville—Thousand Islands and Rideau Lakes,"3,751km²","84,998","57,279.21","3,919.28",,668.16,-,-,-,-,-,-,39.99,-,728.00,,-,"7,233.11",-,,"8,400.00",405.60,-,"2,267.32","1,082.44",-,430.35,"3,089.34",69.10,"85,611.90"
23,"Barsalou-Duval,Xavier",Active,Pierre-Boucher—Les Patriotes—Verchères,688km²,"81,078","41,248.90","1,344.06",,741.60,-,-,-,-,"1,512.36","5,400.00",-,509.38,"4,395.72",,-,"4,552.58",-,,"12,063.48",-,81.29,-,"1,003.86",-,301.03,264.13,-,"73,418.39"
24,"Battiste,Jaime",Active,Sydney—Victoria,"5,085km²","60,322","46,463.32","1,570.20",,340.36,-,-,327.44,134.28,193.16,-,-,-,"4,372.50",,-,-,-,,"7,198.16",-,-,-,774.98,360.82,-,-,-,"61,735.22"
25,"Beaulieu,Mario",Active,La Pointe-de-l'Île,43km²,"85,843","35,849.02","4,590.00",,-,-,-,"1,131.80",-,-,"6,400.00",70.45,522.18,"6,387.50",,-,-,-,,"10,600.00",-,-,"2,626.95",514.62,-,361.94,"1,234.51",-,"70,288.97"
26,"Beech,Terry",Active,Burnaby North—Seymour,115km²,"77,969","47,895.58",318.42,,"2,256.74","1,128.37",-,-,-,-,"3,050.00",-,34.98,"9,995.95",,-,"5,353.00",-,,"12,917.23",-,88.81,40.00,480.07,360.82,-,80.50,-,"84,000.47"
27,"Bendayan,Rachel",Active,Outremont,12km²,"67,842","39,213.31",830.00,,364.74,-,-,-,-,68.22,"3,050.00",-,-,"1,973.45",,-,-,-,,"17,510.64",-,-,-,"1,076.30",360.82,-,-,-,"64,447.48"
28,"Bennett,Hon. Carolyn",Active,Toronto—St. Paul's,14km²,"85,544","42,142.88","3,471.57",,-,-,-,-,-,-,"3,050.00",-,-,-,,"5,910.25",-,-,,"20,126.24",-,-,-,543.25,360.82,-,-,-,"75,605.01"
29,"Benzen,Bob",Active,Calgary Heritage,70km²,"82,059","49,107.59",-,,-,-,-,-,-,-,-,-,-,-,,-,-,-,,"26,024.04",-,-,"1,436.06",832.41,-,-,791.10,-,"78,191.20"
30,"Bergen,Hon. Candice",Active,Portage—Lisgar,"12,665km²","67,397","45,416.97",664.80,,"2,640.37","4,389.10",-,62.98,133.54,"1,857.63","3,379.97",762.04,-,"3,994.37",,-,-,-,,"14,145.36",99.98,-,"2,066.79",741.63,338.00,-,418.05,-,"81,111.58"
31,"Bergeron,Stéphane",Active,Montarville,158km²,"77,292","57,539.59",328.00,,453.08,-,-,910.07,-,206.05,403.37,55.47,-,"5,462.58",,-,-,-,,"18,260.80",-,-,41.99,674.36,690.00,297.77,"1,788.16",-,"87,111.29"
32,"Berthold,Luc",Active,Mégantic—L'Érable,"6,278km²","70,950","50,288.77",682.85,,"1,254.99",-,-,-,-,586.43,"6,800.00",162.44,-,"2,212.65",,-,-,-,,"9,988.00",227.00,-,"6,000.97",627.52,200.00,173.00,"1,119.77",-,"80,324.39"
33,"Bérubé,Sylvie",Active,Abitibi—Baie-James—Nunavik—Eeyou,"854,754km²","65,225","35,374.32","1,160.00",,-,-,-,-,-,-,"6,411.71",-,"1,212.00","8,241.88",,-,-,-,,"14,689.31",49.99,-,20.00,919.81,-,274.52,939.47,-,"69,293.01"
34,"Bessette,Lyne",Active,Brome—Missisquoi,"3,035km²","89,334","61,073.27",-,,337.32,-,-,948.95,-,282.77,-,-,-,-,,"1,289.48",-,-,,"13,988.32",-,-,111.95,691.04,533.17,-,"1,890.51",-,"81,146.78"
35,"Bezan,James",Active,Selkirk—Interlake—Eastman,"25,824km²","74,439","61,586.66",500.00,,"3,878.54",-,-,"1,070.81",-,589.82,"3,050.00",46.97,-,"11,532.04",,-,"4,959.31",-,,"10,300.94",-,228.32,"2,412.01","1,213.68",-,253.15,"2,359.96",-,"103,982.21"
36,"Bibeau,Hon. Marie-Claude",Active,Compton—Stanstead,"4,815km²","84,913","56,968.23",349.22,,-,-,-,-,-,"1,273.30","8,353.00",20.25,-,"6,578.34",,-,-,-,,"6,540.00",-,-,467.08,"1,676.46",962.82,636.32,370.40,-,"84,195.42"
37,"Bittle,Chris",Active,St. Catharines,61km²,"91,215","59,257.13",-,,666.04,-,-,-,-,-,"7,976.50",-,-,-,,-,-,-,,"10,692.54",-,-,-,751.65,360.82,-,319.70,-,"80,024.38"
38,"Blaikie,Daniel",Active,Elmwood—Transcona,50km²,"70,062","43,933.95",-,,-,-,-,-,-,-,"8,256.00",-,-,-,,-,-,-,,"12,535.00","6,921.01",-,-,429.83,-,617.30,-,-,"72,693.09"
39,"Blair,Hon. Bill",Active,Scarborough Southwest,29km²,"79,291","49,103.22","1,495.00",,"1,526.86",-,-,-,-,-,"10,400.00",-,-,433.59,,"5,035.00",-,-,,"10,800.00",-,-,"2,798.00",978.31,360.82,40.17,14.12,-,"82,985.09"
40,"Blanchet,Yves-François",Active,Beloeil—Chambly,402km²,"95,838","50,178.03",716.50,,"2,639.68",-,-,594.12,-,"2,896.33","8,320.00",-,-,"3,630.00",,-,-,-,,"12,600.00",292.46,-,133.92,433.36,46.70,-,91.27,-,"82,572.37"
41,"Blanchette-Joncas,Maxime",Active,Rimouski-Neigette—Témiscouata—Les Basques,"8,061km²","70,099","42,330.65",-,,913.14,-,-,-,246.64,393.21,"6,437.97",148.96,-,"6,003.76",,-,-,-,,"11,900.76","6,225.39",-,"1,743.98",823.61,169.00,"1,251.20","1,255.61",-,"79,843.88"
42,"Blaney,Rachel",Active,North Island—Powell River,"57,911km²","90,454","62,603.57",371.85,,"4,069.67",-,-,"3,118.89",-,"2,050.95","8,000.00",-,-,"1,646.14",,-,"3,634.45",-,,"15,948.25",476.09,-,"6,149.14","2,076.10",180.09,154.51,"1,479.28",-,"111,958.98"
43,"Blaney,Hon. Steven",Active,Bellechasse—Les Etchemins—Lévis,"3,293km²","94,558","53,174.49",75.00,,859.11,-,-,743.25,-,589.82,"1,500.00",-,-,"19,388.62",,-,-,-,,"11,715.28",-,-,"4,438.01","1,080.57","1,464.98",5.61,862.48,-,"95,897.22"
44,"Block,Kelly",Active,Carlton Trail—Eagle Creek,"29,040km²","58,887","56,234.75",61.02,,"4,883.25",-,-,-,-,229.91,"4,078.40",-,-,"3,550.28",,-,-,-,,"18,134.12",-,381.60,26.45,802.08,806.93,25.75,834.05,-,"90,048.59"
45,"Blois,Kody",Active,Kings—Hants,"4,440km²","70,332","27,661.65","4,872.00",,-,-,-,-,-,-,-,173.39,-,517.48,,-,-,-,,"8,997.10","4,586.45",-,200.00,"1,096.02",360.82,79.56,631.08,-,"49,175.55"
46,"Boudrias,Michel",Active,Terrebonne,159km²,"89,062","64,393.64","2,809.90",,188.95,-,-,-,-,-,"7,626.21",-,"1,360.16","4,490.00",,-,-,-,,"12,885.01",-,110.06,313.92,31.38,-,-,857.92,-,"95,067.15"
47,"Boulerice,Alexandre",Active,Rosemont—La Petite-Patrie,11km²,"85,832","49,367.65","1,501.15",,931.56,82.50,-,-,-,431.53,"5,700.00",-,-,"1,706.50",,"3,672.29",-,-,,"10,239.00",-,-,-,347.50,-,-,269.40,-,"74,249.08"
48,"Bragdon,Richard",Active,Tobique—Mactaquac,"15,130km²","55,287","55,664.45",50.00,,531.10,-,-,-,-,132.41,-,-,-,750.00,,-,-,-,,"6,283.75",-,-,-,"2,054.73","1,346.20",277.52,"2,196.85",-,"69,287.01"
49,"Brassard,John",Active,Barrie—Innisfil,386km²,"87,025","48,402.42","2,578.91",,"1,793.12",-,-,-,-,773.49,"5,285.19",-,-,"1,219.00",,-,-,-,,"12,022.68",-,-,535.19,821.47,169.00,-,101.71,-,"73,702.18"
50,"Bratina,Bob",Active,Hamilton East—Stoney Creek,72km²,"85,252","55,171.69",559.44,,"1,230.02",-,-,-,-,-,"5,304.00",-,80.00,549.00,,-,-,-,,"12,074.99",-,-,-,619.01,360.82,-,454.70,-,"76,403.67"
51,"Brière,Élisabeth",Active,Sherbrooke,105km²,"89,152","55,745.57",-,,-,-,-,-,-,-,"6,900.00",-,-,"2,305.00",,"6,570.04",-,-,,"12,112.00",-,-,-,809.30,360.82,-,117.50,-,"84,920.23"
52,"Brunelle-Duceppe,Alexis",Active,Lac-Saint-Jean,"60,405km²","84,609","60,279.68",180.00,,"1,890.49",-,-,"1,487.17",-,900.40,"6,390.00",76.96,-,"14,157.50",,"8,484.75",-,-,,"7,605.00",-,-,-,367.47,897.00,625.79,277.55,-,"103,619.76"
53,"Calkins,Blaine",Active,Red Deer—Lacombe,"6,316km²","95,095","51,892.87","2,022.75",,"7,475.44",-,-,763.25,-,472.86,"5,273.29",202.02,-,"2,954.00",,-,-,-,,"4,080.42",-,-,"1,724.70","1,003.73",507.00,307.50,348.76,-,"79,028.59"
54,"Cannings,Richard",Active,South Okanagan—West Kootenay,"18,139km²","99,676","56,956.65","1,209.55",,"2,285.58",-,-,-,314.30,211.73,"7,140.00",-,-,"3,181.39",,-,-,-,,"8,976.00",179.99,-,-,"1,014.42",-,-,240.43,-,"81,710.04"
55,"Carr,Hon. Jim",Active,Winnipeg South Centre,46km²,"71,760","33,935.67","1,529.55",,-,-,-,12.30,-,-,"8,368.68",13.04,256.97,"2,225.50",,-,-,-,,"13,049.32",40.65,206.64,307.29,"1,098.06",554.82,-,501.30,-,"62,099.79"
56,"Carrie,Colin",Active,Oshawa,65km²,"101,987","49,710.30",240.00,,592.50,-,-,421.20,-,220.72,"3,050.00",-,-,"2,565.00",,-,-,-,,"11,400.00",41.88,-,"3,473.73",431.31,169.00,320.99,153.42,-,"72,790.05"
57,"Casey,Sean",Active,Charlottetown,46km²,"27,719","53,199.68",-,,-,"1,216.98",-,-,-,-,70.00,-,-,279.00,,-,"2,570.83",-,,"11,468.00",-,501.45,-,"1,060.01",360.82,178.45,245.98,-,"71,151.20"
58,"Chabot,Louise",Active,Thérèse-De Blainville,77km²,"82,756","48,286.61","2,460.00",,"1,138.41",-,-,340.77,-,284.78,-,21.80,274.93,"7,742.50",,"8,277.50","4,675.67","2,180.00",,"8,000.00",119.99,-,200.88,408.76,10.05,271.07,"2,199.57",-,"86,893.29"
59,"Chagger,Hon. Bardish",Active,Waterloo,78km²,"88,927","32,256.22",131.70,,"1,665.10",-,-,-,-,-,"3,050.00",-,-,"2,456.23",,-,-,-,,"13,024.76",-,360.70,-,741.53,360.82,-,"1,126.80",-,"55,173.86"
60,"Champagne,Hon. François-Philippe",Active,Saint-Maurice—Champlain,"38,904km²","91,779","57,034.32",200.00,,335.60,-,-,656.47,-,165.71,"7,729.68",227.27,-,-,,-,-,-,,"8,908.00",249.00,515.21,552.28,"2,759.16",529.82,-,"1,188.74",-,"81,051.26"
61,"Champoux,Martin",Active,Drummond,"1,670km²","84,074","50,062.09","1,280.00",,"2,013.62",-,-,41.78,-,"1,502.98","7,540.00",580.81,-,"4,488.00",,-,-,-,,"11,542.48",-,-,817.29,681.57,256.00,735.26,"1,125.84",-,"82,667.72"
62,"Charbonneau,Louise",Active,Trois-Rivières,133km²,"92,465","59,024.34","1,387.50",,-,-,-,-,-,-,"9,200.00",194.21,139.00,"13,154.42",,-,-,-,,"11,960.00","1,189.97",-,44.99,623.88,469.00,-,"1,218.69",-,"98,606.00"
63,"Chen,Shaun",Active,Scarborough North,32km²,"66,759","34,846.30","2,047.35",,410.22,-,-,43.30,-,291.70,"3,050.00",174.95,303.98,"3,223.50",,-,"2,479.91",-,,"7,921.08",248.58,-,634.58,"1,382.52","1,598.82",166.64,"1,897.76",-,"60,721.19"
64,"Chiu,Kenny",Active,Steveston—Richmond East,102km²,"74,428","30,636.16","2,209.00",,"8,483.27","1,128.37",956.20,-,-,"1,232.18","1,771.17",67.67,-,"1,340.16",,"2,573.28","5,882.86",-,,"13,625.72",-,-,-,393.60,"7,308.39",656.64,246.17,-,"78,510.84"
65,"Chong,Hon. Michael",Active,Wellington—Halton Hills,"1,584km²","99,113","49,402.57",-,,999.34,-,-,-,-,211.48,"4,210.23",-,-,"4,506.20",,-,"1,447.81",-,,"11,234.48",253.96,-,510.49,"1,680.48",169.00,233.40,199.89,27.64,"75,086.97"
66,"Collins,Laurel",Active,Victoria,43km²,"99,103","56,413.34",611.57,,161.12,-,-,-,-,-,"6,400.00",-,-,"15,681.43",,-,-,-,,"11,102.26",363.60,-,"4,154.99",823.50,169.00,432.87,121.16,-,"96,434.84"
67,"Cooper,Michael",Active,St. Albert—Edmonton,104km²,"93,468","56,898.08","4,492.48",,"6,770.22",-,-,-,-,-,"7,756.00",-,-,"1,966.80",,-,-,-,,"10,210.92",-,-,"1,404.00",537.83,-,12.08,394.88,-,"90,443.29"
68,"Cormier,Serge",Active,Acadie—Bathurst,"5,183km²","66,937","58,256.69",327.71,,-,-,-,62.34,-,-,-,-,150.00,"2,074.20",,-,-,-,,"6,771.60",-,-,-,748.20,360.82,88.16,87.43,-,"68,927.15"
69,"Cumming,James",Active,Edmonton Centre,46km²,"83,112","46,823.36","1,345.60",,"2,352.48",-,-,-,-,589.82,"6,619.98",-,-,225.00,,-,-,-,,"14,529.28",-,-,945.26,595.27,-,-,130.17,-,"74,156.22"
70,"Dabrusin,Julie",Active,Toronto—Danforth,26km²,"82,703","58,233.42",600.00,,-,-,-,-,-,-,-,-,-,852.44,,-,-,-,,"10,228.39",-,-,-,"1,544.30",360.82,273.44,"4,509.31",-,"76,602.12"
71,"Dalton,Marc",Active,Pitt Meadows—Maple Ridge,"2,141km²","80,494","46,886.63",559.97,,"2,256.74","4,874.42",-,"1,738.94",-,-,"8,216.00",182.16,-,"2,211.64",,-,"1,558.57",203.35,,"14,410.88",-,-,740.40,440.20,387.63,461.09,721.58,-,"85,850.20"
72,"Damoff,Pam",Active,Oakville North—Burlington,92km²,"97,696","60,417.56","9,803.52",,102.94,-,-,-,-,-,"7,665.98",-,-,699.06,,"3,300.00",-,-,,"11,000.00",-,-,265.34,455.41,360.82,-,428.97,-,"94,499.60"
73,"Dancho,Raquel",Active,Kildonan—St. Paul,172km²,"66,290","43,487.82",570.00,,"4,203.32",-,-,-,-,-,"5,700.00",93.75,-,"3,349.16",,-,-,-,,"15,641.22","6,669.23",-,-,614.99,-,46.69,"3,390.34",-,"83,766.52"
74,"Davidson,Scot",Active,York—Simcoe,844km²,"89,556","40,591.83","1,619.86",,"2,307.09",-,-,-,-,"1,409.81","2,116.75",-,-,"2,278.50",,-,-,-,,"8,644.02",409.99,200.00,-,"1,135.26",-,-,"1,763.88",-,"62,476.99"
75,"Davies,Don",Active,Vancouver Kingsway,15km²,"76,039","45,793.98",270.26,,-,-,-,-,-,-,"1,660.93",-,-,775.00,,"2,054.72",-,-,,"16,383.28",-,-,"4,606.90",825.50,-,311.30,-,-,"72,681.87"
76,"DeBellefeuille,Claude",Active,Salaberry—Suroît,"2,271km²","96,039","49,951.30","1,347.50",,748.32,-,-,-,-,688.12,"4,400.00",79.26,25.00,"7,579.00",,"3,531.82",-,-,,"11,400.00",397.00,-,44.10,763.79,-,471.40,694.20,-,"82,120.81"
77,"Deltell,Gérard",Active,Louis-Saint-Laurent,141km²,"94,851","51,390.81",-,,"1,381.89",-,-,-,-,855.89,"4,757.25",-,-,"5,315.00",,-,-,-,,"14,660.00",-,-,"6,140.00","3,007.68",-,-,-,-,"87,508.52"
78,"d'Entremont,Chris",Active,West Nova,"9,965km²","70,143","45,341.77",787.97,,"2,099.01",-,-,654.56,-,478.48,"8,000.00",126.86,-,"2,660.82",,"1,525.24",-,80.00,,"8,990.69",-,-,-,782.54,-,-,"2,587.30",-,"74,115.24"
79,"Desbiens,Caroline",Active,Beauport—Côte-de-Beaupré—Île d'Orléans—Charlevoix,"11,634km²","76,657","43,936.02",-,,-,-,-,-,-,-,-,22.78,-,"9,479.44",,"1,046.23",-,115.00,,"14,318.80",-,-,"3,693.54",533.85,169.00,309.74,288.77,-,"73,913.17"
80,"Desilets,Luc",Active,Rivière-des-Mille-Îles,117km²,"82,372","52,807.81",325.00,,850.70,-,-,-,-,"1,164.19","7,240.00",160.00,55.00,"11,529.46",,"5,495.00",-,255.00,,"8,688.40",-,-,-,164.75,"2,991.25",-,"1,895.02",-,"93,621.58"
81,"Dhaliwal,Sukh",Active,Surrey—Newton,30km²,"67,763","42,417.31","7,695.00",,-,-,-,478.10,-,-,"7,200.00",-,-,"1,740.68",,"6,237.68","2,817.59",-,,"12,226.21",653.00,-,-,651.72,360.82,155.22,591.92,-,"83,225.25"
82,"Dhillon,Anju",Active,Dorval—Lachine—LaSalle,51km²,"85,550","51,499.16",-,,"1,159.90",-,-,-,-,-,"8,237.88",-,-,"1,264.00",,-,-,-,,"7,156.50",-,-,-,365.68,360.82,-,-,-,"70,043.94"
83,"Diotte,Kerry",Active,Edmonton Griesbach,46km²,"83,188","47,133.19",674.74,,"5,896.60",-,-,-,-,-,"4,417.80",-,-,49.99,,"6,694.17",-,-,,"7,980.00",-,-,744.98,630.31,177.96,-,198.71,-,"74,598.45"
84,"Doherty,Todd",Active,Cariboo—Prince George,"83,193km²","84,968","58,647.70",-,,"10,263.60",-,"1,308.84",-,748.21,840.13,"8,594.64","1,695.16",-,340.25,,-,-,-,,"2,850.00",-,447.01,"15,238.57","1,707.44","1,367.88",-,383.10,-,"104,432.53"
85,"Dong,Han",Active,Don Valley North,26km²,"76,151","49,931.24","4,343.15",,-,897.00,-,-,-,-,"7,100.00",-,-,708.63,,"8,700.90",-,-,,"16,110.00",-,-,388.00,571.10,360.83,274.52,-,-,"89,385.37"
86,"Dowdall,Terry",Active,Simcoe—Grey,"1,950km²","115,604","42,858.99",300.00,,533.00,-,-,-,-,393.21,"5,200.00",-,-,"2,137.00",,-,-,-,,"11,969.77",-,-,-,359.95,"5,575.00",-,-,-,"69,326.92"
87,"Dreeshen,Earl",Active,Red Deer—Mountain View,"7,659km²","90,857","46,488.78",889.80,,"1,128.37",-,-,-,-,-,"3,050.00",-,-,"4,187.75",,-,-,-,,"11,725.72",-,750.00,"1,440.00",527.07,-,-,100.24,-,"70,287.73"
88,"Drouin,Francis",Active,Glengarry—Prescott—Russell,"3,018km²","92,555","50,652.41","6,400.00",,666.04,-,-,-,-,-,-,-,-,"5,269.30",,-,-,-,,"9,772.27",-,-,89.98,890.58,698.83,-,219.34,-,"74,658.75"
89,"Dubourg,Emmanuel",Active,Bourassa,14km²,"70,287","51,316.70",138.31,,-,-,-,265.35,-,-,"3,107.27",733.95,304.45,"2,500.96",,-,-,202.00,,"17,351.69",483.41,-,-,557.45,"1,010.83",-,505.25,-,"78,477.62"
90,"Duclos,Hon. Jean-Yves",Active,Québec,36km²,"79,186","55,537.09",-,,"1,759.29",-,-,-,-,-,"6,900.00",-,"4,148.88",170.00,,-,-,-,,"14,576.80",-,-,-,"1,176.42",360.83,-,"2,319.60",-,"86,948.91"
91,"Duguid,Terry",Active,Winnipeg South,105km²,"69,567","50,335.93",-,,750.70,507.68,-,-,-,-,-,-,-,"2,695.01",,-,-,-,,"9,404.30",189.99,-,100.00,708.94,360.83,-,279.96,-,"65,333.34"
92,"Duncan,Eric",Active,Stormont—Dundas—South Glengarry,"2,765km²","84,983","53,213.24",240.66,,-,-,-,-,-,-,-,-,-,-,,-,-,450.00,,"13,187.00",-,-,142.73,378.30,-,275.35,33.00,-,"67,920.28"
93,"Duncan,Hon. Kirsty",Active,Etobicoke North,51km²,"75,415","56,349.68",798.33,,434.96,-,-,-,-,41.43,187.82,-,-,-,,-,-,-,,"11,559.15",-,-,-,398.84,"1,814.83",-,-,-,"71,585.04"
94,"Duvall,Scott",Active,Hamilton Mountain,35km²,"81,698","48,286.60","3,210.00",,"1,368.05",558.02,-,"1,534.50",-,983.04,"7,177.10",-,-,"1,456.37",,-,-,-,,"7,681.91",-,-,"1,724.54","2,371.87",169.00,15.91,-,-,"76,536.91"
95,"Dzerowicz,Julie",Active,Davenport,13km²,"82,047","44,695.57","4,555.44",,-,-,-,-,-,-,-,-,-,"3,366.00",,-,"2,762.92",-,,"14,000.00",-,-,-,851.09,360.83,565.66,4.75,-,"71,162.26"
96,"Easter,Hon. Wayne",Active,Malpeque,"1,663km²","30,576","61,194.88",-,,-,-,-,-,-,-,-,-,-,"2,460.96",,-,-,-,,"5,059.80",-,285.71,-,891.57,360.83,-,631.30,-,"70,885.05"
97,"Ehsassi,Ali",Active,Willowdale,21km²,"79,367","36,208.60","1,938.90",,-,-,-,90.59,-,-,-,-,-,766.80,,-,-,-,,"14,400.00",89.96,263.09,"3,101.54",758.00,360.83,-,463.15,-,"58,441.46"
98,"El-Khoury,Fayçal",Active,Laval—Les Îles,47km²,"83,496","49,791.61",-,,-,-,-,-,-,-,"7,700.00",-,-,"1,920.17",,-,-,-,,-,-,-,-,480.65,360.83,-,-,-,"60,253.26"
99,"Ellis,Neil",Active,Bay of Quinte,"2,000km²","94,197","54,370.66",100.00,,-,-,-,-,-,-,"8,034.72",-,-,"1,373.46",,-,-,-,,"10,232.58",450.00,-,"2,051.70",706.18,810.83,-,79.37,-,"78,209.50"
100,"Epp,Dave",Active,Chatham-Kent—Leamington,"2,183km²","86,586","44,177.68",-,,"1,342.00",-,-,"4,347.18",-,491.52,"6,600.00",-,-,"9,024.23",,-,-,94.98,,"11,076.00",-,-,"2,102.00","1,147.48",-,460.03,654.97,-,"81,518.07"
101,"Erskine-Smith,Nathaniel",Active,Beaches—East York,17km²,"81,842","51,819.80","1,640.04",,440.77,-,-,395.29,-,-,"3,129.18",-,-,"2,144.18",,-,"4,240.50",50.00,,"9,634.25",-,-,822.74,955.76,-,274.80,"7,298.56",79.67,"82,925.54"
102,"Falk,Rosemarie",Active,Battlefords—Lloydminster,"30,125km²","51,893","49,693.23",408.14,,"4,973.31",-,-,-,-,491.52,709.32,-,-,"4,389.03",,"3,176.74",-,-,,"7,077.90",-,-,18.01,790.18,-,187.30,"3,456.91",-,"75,371.59"
103,"Falk,Ted",Active,Provencher,"18,773km²","71,676","52,138.28",171.78,,22.56,-,-,642.45,-,-,-,283.56,130.00,"4,784.48",,"4,669.48",-,"1,174.86",,"4,190.00",-,-,"3,384.76","1,000.83","1,239.95",15.45,415.44,-,"74,263.88"
104,"Fast,Hon. Ed",Active,Abbotsford,176km²,"75,474","62,301.85","4,436.06",,-,-,-,"1,256.97",-,-,"7,036.43",186.20,-,"3,024.25",,-,-,-,,"12,872.41",22.44,-,"1,976.09",797.98,765.27,-,427.68,-,"95,103.63"
105,"Fergus,Greg",Active,Hull—Aylmer,65km²,"79,609","38,883.37",656.00,,333.02,-,-,-,-,-,-,200.00,-,"3,035.00",,-,-,-,,"18,674.78",412.12,101.37,327.20,690.90,360.83,-,588.39,-,"64,262.98"
106,"Fillmore,Andy",Active,Halifax,244km²,"76,843","46,955.72",359.88,,-,-,-,342.90,-,-,"6,953.76",-,-,950.00,,-,-,414.34,,"7,497.00",-,-,105.25,"1,491.97",360.83,902.04,714.18,-,"67,047.87"
107,"Findlay,Hon. Kerry-Lynne",Active,South Surrey—White Rock,154km²,"84,664","45,304.50","1,803.63",,"4,920.39","5,641.85",-,-,-,612.47,"8,800.00",-,-,"4,772.60",,"5,908.54",-,-,,"19,775.00",-,-,41.00,863.26,-,28.00,455.22,-,"98,926.46"
108,"Finley,Hon. Diane",Active,Haldimand—Norfolk,"3,061km²","91,557","58,952.94",315.00,,-,-,-,-,-,-,-,-,-,-,,-,-,-,,"6,600.00",-,-,-,915.35,-,-,-,-,"66,783.29"
109,"Finnigan,Pat",Active,Miramichi—Grand Lake,"17,420km²","48,570","38,493.41",-,,-,-,-,-,-,-,"6,544.74",-,-,"4,992.56",,-,-,-,,"8,000.00",-,-,73.49,"2,111.26",360.83,-,279.85,-,"60,856.14"
110,"Fisher,Darren",Active,Dartmouth—Cole Harbour,102km²,"77,390","41,444.33",-,,-,-,-,-,-,-,"7,000.00",-,-,290.00,,-,-,-,,"10,776.68",531.06,-,-,"1,042.06",360.83,45.00,-,-,"61,489.96"
111,"Fonseca,Peter",Active,Mississauga East—Cooksville,34km²,"86,191","28,272.43",-,,466.38,-,-,-,-,-,-,-,-,-,,-,-,-,,"19,083.03",-,-,"1,952.48",754.42,698.83,432.29,-,-,"51,659.86"
112,"Fortier,Hon. Mona",Active,Ottawa—Vanier,41km²,"92,837","70,655.11",-,,-,-,-,-,-,-,-,-,-,803.40,,-,-,-,,"10,500.00",-,-,"4,347.29",722.41,529.83,-,280.98,-,"87,839.02"
113,"Fortin,Rhéal",Active,Rivière-du-Nord,381km²,"96,054","30,411.92",-,,472.84,-,-,-,-,212.28,"7,649.28",-,-,"2,368.09",,-,"7,307.34",-,,"9,994.75",-,-,44.99,458.09,169.00,517.31,609.02,-,"60,214.91"
114,"Fragiskatos,Peter",Active,London North Centre,63km²,"98,039","42,365.07","13,654.50",,-,-,-,-,-,-,-,-,-,"37,175.52",,"10,009.19",-,"2,908.89",,"10,744.34",-,630.00,153.00,575.75,558.82,564.00,"3,828.08",-,"123,167.16"
115,"Fraser,Sean",Active,Central Nova,"10,347km²","60,955","52,895.70","2,806.25",,-,-,-,"1,535.80",-,-,-,-,-,"1,133.68",,-,-,-,,"5,000.00",-,-,"2,010.00",954.92,360.83,492.52,103.87,-,"67,293.57"
116,"Freeland,Hon. Chrystia",Active,University—Rosedale,14km²,"83,485","39,347.28",-,,-,-,-,527.80,-,-,-,-,-,-,,-,-,-,,"12,761.68",-,-,100.00,713.00,360.83,-,357.60,-,"54,168.19"
117,"Fry,Hon. Hedy",Active,Vancouver Centre,14km²,"92,243","41,777.84","2,086.59",,845.56,-,-,957.10,-,-,"4,085.84",-,-,"8,285.77",,-,-,37.45,,"6,483.32",-,73.06,158.00,"1,203.41",360.83,85.71,"1,213.52",-,"67,654.00"
118,"Gallant,Cheryl",Active,Renfrew—Nipissing—Pembroke,"12,583km²","86,387","52,103.65","2,128.00",,"3,240.52",-,-,-,-,"1,179.60",-,69.96,-,50.00,,"7,928.40",-,-,,"8,940.72",-,-,"3,685.91",517.30,-,466.99,"2,499.63",-,"82,810.68"
119,"Garneau,Hon. Marc",Active,Notre-Dame-de-Grâce—Westmount,17km²,"76,649","32,857.16","1,007.90",,-,-,-,-,-,-,-,-,-,"4,122.12",,"4,934.00",-,-,,"12,920.00",-,-,-,465.51,360.83,45.02,314.36,-,"57,026.90"
120,"Garrison,Randall",Active,Esquimalt—Saanich—Sooke,404km²,"100,238","57,836.36",-,,-,-,-,-,-,-,"5,932.00",-,-,"5,283.72",,-,-,-,,"16,558.72",-,-,-,941.71,-,207.24,-,-,"86,759.75"
121,"Gaudreau,Marie-Hélène",Active,Laurentides—Labelle,"19,694km²","100,509","48,028.13",766.60,,183.80,-,-,-,-,165.94,279.83,17.99,58.95,"10,263.25",,"4,989.19",-,-,,"9,774.84",428.83,-,"1,303.66",796.36,735.00,-,"1,353.15",-,"79,145.52"
122,"Gazan,Leah",Active,Winnipeg Centre,29km²,"59,762","52,933.74",756.61,,-,-,-,-,-,-,"6,100.00",125.00,-,"2,311.67",,-,-,-,,"8,109.28",-,-,"4,133.54",957.76,169.00,-,500.00,-,"76,096.60"
123,"Généreux,Bernard",Active,Montmagny—L'Islet—Kamouraska—Rivière-du-Loup,"7,495km²","78,461","45,642.22","1,105.00",,"2,409.91",-,-,-,-,328.21,"5,278.23",-,-,"9,100.60",,-,-,-,,"10,390.26",-,53.38,"1,741.10","1,040.08",669.98,26.76,613.17,-,"78,398.90"
124,"Genuis,Garnett",Active,Sherwood Park—Fort Saskatchewan,"1,271km²","96,171","57,772.04","5,500.00",,242.71,-,-,-,-,-,"7,600.00",-,-,"3,699.34",,-,-,-,,"12,875.04",-,-,"2,103.27",652.64,-,-,45.54,-,"90,490.58"
125,"Gerretsen,Mark",Active,Kingston and the Islands,434km²,"98,921","65,670.47",500.00,,562.50,-,-,-,-,230.71,"6,483.33",-,-,"6,728.04",,-,-,-,,"10,107.62",-,344.92,"1,533.52",567.05,"1,604.83",255.00,"2,730.72",-,"97,318.71"
126,"Gill,Marilène",Active,Manicouagan,"264,226km²","72,431","45,937.04","1,398.65",,"2,557.98",-,-,"8,916.77",671.56,"1,885.52","5,574.98",536.10,"1,510.00","15,709.00",,-,-,"1,159.20",,"22,976.83","1,953.99",-,954.67,"1,501.88",800.00,"1,024.84","1,932.79",-,"117,001.80"
127,"Gladu,Marilyn",Active,Sarnia—Lambton,"1,568km²","85,266","58,880.73",251.70,,-,-,-,-,-,-,"7,512.90",-,-,"3,972.01",,-,-,-,,"12,408.83",-,659.33,"1,833.33",340.85,-,-,"1,431.77",-,"87,291.45"
128,"Godin,Joël",Active,Portneuf—Jacques-Cartier,"7,617km²","93,183","52,364.81",930.00,,"1,676.34",-,-,-,-,113.53,"5,382.64","1,952.11",-,"1,000.00",,-,-,-,,"9,468.00",275.99,-,"1,614.99","1,120.68",185.00,130.93,990.48,-,"77,205.50"
129,"Gould,Hon. Karina",Active,Burlington,84km²,"100,201","59,422.73","1,147.33",,-,-,-,-,-,-,-,-,-,"2,100.00",,-,-,-,,"9,709.01",-,-,173.54,700.70,529.83,-,-,-,"73,783.14"
130,"Gourde,Jacques",Active,Lévis—Lotbinière,"2,123km²","89,779","37,938.57","11,086.30",,"1,929.52",-,-,-,-,589.82,"6,025.69",633.39,-,"2,898.00",,-,-,-,,"7,500.00",-,-,"9,580.00","1,067.61",-,-,9.50,-,"79,258.40"
131,"Gray,Tracy",Active,Kelowna—Lake Country,"1,670km²","101,507","50,794.87","3,835.00",,"1,006.31",-,-,-,-,-,"8,445.15",114.47,-,"4,061.00",,-,-,-,,"12,400.00",-,-,133.54,"1,013.57",544.85,-,"2,847.01",-,"85,195.77"
132,"Green,Matthew",Active,Hamilton Centre,32km²,"75,371","73,862.26","1,150.00",,"1,063.42",225.00,-,-,-,681.70,"7,420.25",-,-,249.00,,-,-,-,,"13,027.28",-,-,-,"1,360.02",830.00,26.49,"1,302.40",-,"101,197.82"
133,"Guilbeault,Hon. Steven",Active,Laurier—Sainte-Marie,11km²,"83,085","47,436.99",-,,-,-,-,-,-,946.17,"6,800.00",-,-,"3,040.00",,-,-,-,,"11,480.32",-,-,91.97,673.81,360.83,-,-,-,"70,830.09"
134,"Hajdu,Hon. Patty",Active,Thunder Bay—Superior North,"87,965km²","66,579","57,251.96",399.25,,-,-,-,-,-,-,"8,000.00",-,-,"4,155.15",,-,-,-,,"12,539.49",239.99,-,"5,760.00","1,015.89",360.83,108.84,378.01,-,"90,209.41"
135,"Hallan,Jasraj Singh",Active,Calgary Forest Lawn,53km²,"75,683","48,941.68",-,,"9,026.96",-,-,"1,912.40",-,-,"8,000.00",-,-,"1,085.00",,"7,423.83",-,-,,"12,000.00",-,-,"1,796.52",490.09,169.00,-,"1,320.75",-,"92,166.23"
136,"Harder,Rachael",Active,Lethbridge,"3,028km²","90,051","62,954.76",789.27,,"4,574.13",-,-,"1,770.45",-,589.82,"6,331.68",790.09,-,329.00,,"2,008.55",-,298.10,,"11,108.51",-,-,"9,931.90","1,423.74",260.00,308.42,450.88,-,"103,919.30"
137,"Hardie,Ken",Active,Fleetwood—Port Kells,74km²,"81,198","55,556.38",330.00,,"2,256.74","2,256.74",-,456.32,-,-,"3,379.72",-,-,"2,914.38",,-,"4,142.06",-,,"14,249.66",-,-,-,"1,783.19",360.83,574.78,"1,263.28",-,"89,524.08"
138,"Harris,Jack",Active,St. John's East,363km²,"67,406","50,948.30",-,,-,-,-,-,-,-,-,68.60,-,598.00,,-,-,-,,"13,064.48",319.99,-,-,889.81,-,41.89,797.31,-,"66,728.38"
139,"Hoback,Randy",Active,Prince Albert,"18,927km²","58,367","51,741.59",-,,"1,913.30",-,-,-,-,494.67,160.33,-,-,"1,059.00",,-,-,-,,"13,227.88",270.73,100.00,802.91,"1,717.24","1,127.84",53.53,959.67,-,"73,628.69"
140,"Holland,Hon. Mark",Active,Ajax,71km²,"93,215","61,141.66","1,078.95",,"2,678.40",-,-,-,-,"1,081.34","3,050.00",-,-,-,,"6,387.34",-,-,,"13,539.84",-,-,"1,290.29","1,222.66",529.83,352.29,77.43,-,"92,430.03"
141,"Housefather,Anthony",Active,Mount Royal,23km²,"73,273","44,767.76",80.00,,181.43,-,-,-,-,-,-,26.39,-,"7,037.02",,-,-,-,,"10,463.52",-,-,"2,010.00","1,035.16",360.83,-,"1,423.18",-,"67,385.29"
142,"Hughes,Carol",Active,Algoma—Manitoulin—Kapuskasing,"100,103km²","65,906","65,267.40","1,050.68",,"1,418.06",-,-,-,-,844.04,"6,520.00",-,-,"1,394.74",,-,-,-,,"9,972.38",-,16.40,"6,478.00",358.48,-,24.91,319.76,-,"93,664.85"
143,"Hussen,Hon. Ahmed",Active,York South—Weston,26km²,"79,364","51,684.70",215.00,,333.02,-,-,-,-,-,-,-,-,105.00,,-,-,-,,"10,593.92",-,-,-,541.23,360.83,-,104.16,-,"63,937.86"
144,"Hutchings,Gudie",Active,Long Range Mountains,"41,606km²","70,688","60,160.15",267.00,,"1,123.73",944.67,-,"1,404.83",-,-,"3,274.92",-,-,"3,639.00",,"3,648.09",-,-,,"12,279.64",-,-,"3,631.45","1,313.88",360.83,-,46.50,-,"92,094.69"
145,"Iacono,Angelo",Active,Alfred-Pellan,116km²,"79,355","45,900.22",430.00,,738.40,-,-,-,-,784.00,626.41,471.08,-,"9,224.27",,-,"4,419.25",342.18,,"15,739.68",-,-,40.00,"1,214.47",360.83,516.67,733.46,-,"81,540.92"
146,"Jaczek,Helena",Active,Markham—Stouffville,299km²,"95,461","49,264.00",-,,-,-,-,-,-,-,"3,700.00",132.15,-,"2,691.00",,"2,682.55",-,-,,"10,718.04",-,-,-,737.70,360.83,-,21.16,-,"70,307.43"
147,"Jansen,Tamara",Active,Cloverdale—Langley City,60km²,"86,610","49,090.03","6,810.52",,"4,568.42","2,256.74",-,"1,974.46",-,-,"10,400.00",-,-,-,,"8,656.21",-,12.01,,"14,751.78",210.46,-,-,482.83,-,-,155.25,-,"99,368.71"
148,"Jeneroux,Matt",Active,Edmonton Riverbend,60km²,"87,305","47,482.57","9,594.96",,"2,751.07",-,-,-,-,196.61,"7,126.02",259.90,-,-,,"7,365.69","3,791.74",-,,"18,042.16",154.78,5.00,"1,964.27","1,404.82",169.00,295.17,406.26,-,"101,010.02"
149,"Johns,Gord",Active,Courtenay—Alberni,"8,571km²","101,731","51,384.60","5,244.40",,"4,416.62",-,-,-,-,390.31,"3,181.98",-,-,"5,088.09",,-,-,-,,"12,212.97",-,-,"4,000.00","1,431.61",-,-,72.60,51.83,"87,475.01"
150,"Joly,Hon. Mélanie",Active,Ahuntsic-Cartierville,22km²,"83,384","52,294.17",-,,-,-,-,-,-,-,"6,600.00",-,-,"1,885.29",,-,-,-,,"11,200.00",-,-,-,"1,416.15",360.83,-,-,-,"73,756.44"
151,"Jones,Yvonne",Active,Labrador,"294,330km²","20,184","52,464.36",-,,-,-,-,-,-,-,-,-,-,"2,959.00",,-,-,-,,"15,800.00",-,-,"1,770.95","1,537.23",360.83,-,204.87,-,"75,097.24"
152,"Jordan,Hon. Bernadette",Active,South Shore—St. Margarets,"9,855km²","78,470","55,947.92",-,,-,-,-,-,-,-,"7,740.00",-,-,"1,243.90",,-,-,-,,"6,800.00",-,-,-,"1,446.98",360.83,-,139.18,-,"73,678.81"
153,"Jowhari,Majid",Active,Richmond Hill,42km²,"85,075","45,634.38",233.01,,866.16,-,-,-,-,227.14,"6,960.00",-,-,"1,234.00",,-,-,-,,"16,996.04",-,-,73.00,"3,690.71",529.83,-,21.90,-,"76,466.17"
154,"Julian,Peter",Active,New Westminster—Burnaby,29km²,"86,544","58,561.71",6.37,,-,-,-,-,-,-,"6,940.00",564.99,-,400.00,,"12,798.00",-,-,,"18,030.43",-,-,-,721.86,585.00,-,16.50,-,"98,624.86"
155,"Kelloway,Mike",Active,Cape Breton—Canso,"10,039km²","60,699","54,995.35",-,,"1,224.86",-,-,-,-,-,-,-,70.00,"2,502.12",,-,-,-,,"4,493.93",149.99,-,200.00,909.65,"1,569.27",-,"1,240.54",-,"67,355.71"
156,"Kelly,Pat",Active,Calgary Rocky Ridge,90km²,"98,738","52,514.08",20.00,,"5,114.31",-,-,-,-,156.29,"5,440.00",-,103.95,-,,-,-,-,,"13,993.94",-,-,"1,920.88",652.00,-,-,3.30,-,"79,918.75"
157,"Kent,Hon. Peter",Active,Thornhill,66km²,"85,005","61,716.73",-,,426.40,-,-,-,-,-,"3,400.00",-,-,-,,-,-,-,,"4,455.94",-,-,-,420.37,-,-,3.75,-,"70,423.19"
158,"Khalid,Iqra",Active,Mississauga—Erin Mills,36km²,"88,722","54,052.40","1,047.06",,350.11,-,-,-,-,-,"7,200.00",-,-,"2,550.00",,-,-,-,,"13,814.84",-,-,"1,894.54","1,192.51","5,054.83",85.00,"1,249.00",-,"88,490.29"
159,"Khera,Kamal",Active,Brampton West,61km²,"88,166","31,474.23","1,800.00",,333.02,-,-,-,-,-,"7,600.00",-,-,400.00,,-,"1,567.56",-,,"10,642.62",-,-,-,599.33,360.83,237.07,-,-,"55,014.66"
160,"Kitchen,Robert",Active,Souris—Moose Mountain,"43,184km²","52,708","43,492.31",-,,"2,670.00",-,-,-,-,491.52,"6,595.32",-,-,"6,978.60",,-,-,-,,"9,260.00",278.78,-,-,790.57,-,-,28.70,-,"70,585.80"
161,"Kmiec,Tom",Active,Calgary Shepard,186km²,"112,660","41,421.30",838.00,,"18,028.29",-,-,-,-,"1,589.33","3,568.61",-,-,"8,594.00",,"10,339.58",-,-,,"10,500.00",-,-,"2,262.99",438.73,-,132.33,"1,815.95",-,"99,529.11"
162,"Koutrakis,Annie",Active,Vimy,35km²,"88,462","52,262.26","13,836.76",,774.07,66.08,-,82.28,-,528.62,"9,500.00",726.34,47.00,"6,319.70",,-,-,-,,"16,474.18",123.97,-,-,322.75,390.92,275.10,45.30,-,"101,775.33"
163,"Kram,Michael",Active,Regina—Wascana,63km²,"60,451","34,374.06","22,183.34",,"1,284.90",-,-,-,-,-,-,-,-,-,,"6,330.00",-,-,,"13,233.40",-,-,-,398.76,-,-,98.82,-,"77,903.28"
164,"Kurek,Damien",Active,Battle River—Crowfoot,"53,072km²","83,140","52,434.30","5,116.36",,"6,302.03",-,-,691.59,-,"1,548.29","2,076.53",137.03,126.00,"9,194.51",,-,-,-,,"8,380.81",701.45,-,19.99,644.96,-,13.76,"1,376.23",-,"88,763.84"
165,"Kusie,Stephanie",Active,Calgary Midnapore,87km²,"94,245","59,038.52","1,468.84",,"2,414.40",-,-,"1,039.25",-,424.11,"1,044.02",16.42,-,500.00,,"9,088.77",-,-,,"12,173.30",-,155.97,"5,308.08",901.95,507.00,35.40,75.51,-,"94,191.54"
166,"Kusmierczyk,Irek",Active,Windsor—Tecumseh,174km²,"95,668","45,223.78",-,,-,-,-,330.36,-,-,"8,760.00",-,-,100.00,,-,-,-,,"6,048.82",470.95,-,"3,045.30",532.36,360.83,-,180.87,-,"65,053.27"
167,"Kwan,Jenny",Active,Vancouver East,21km²,"93,146","50,346.84",-,,"2,256.74",-,-,-,-,-,-,-,-,"1,456.00",,-,-,-,,"9,292.00",-,-,"7,576.72",660.88,507.00,65.65,473.76,-,"72,635.59"
168,"Lake,Hon. Mike",Active,Edmonton—Wetaskiwin,"4,947km²","125,054","75,968.71","1,160.00",,-,755.56,-,-,-,-,"7,090.60",-,-,-,,-,-,-,,"12,833.32",130.02,358.24,"3,713.54","1,244.52",170.91,-,42.36,-,"103,467.78"
169,"Lalonde,Marie-France",Active,Orléans,211km²,"106,321","43,210.10","3,016.66",,-,-,-,-,-,-,-,-,-,"1,500.00",,"2,937.57",-,-,,"8,596.00",-,-,177.66,877.83,360.83,-,52.59,-,"60,729.24"
170,"Lambropoulos,Emmanuella",Active,Saint-Laurent,44km²,"68,271","49,813.58",247.58,,744.97,-,-,-,-,393.20,"6,307.52",592.50,-,"7,552.46",,-,-,-,,"15,858.00",-,-,-,"2,024.32",360.83,-,-,-,"83,894.96"
171,"Lametti,Hon. David",Active,LaSalle—Émard—Verdun,19km²,"82,733","54,334.43","2,550.00",,"1,492.88",-,-,"1,119.66",-,"1,596.80","7,079.42",-,-,"3,198.12",,-,-,-,,"10,691.14",-,-,-,832.58,360.83,-,-,-,"83,255.86"
172,"Lamoureux,Kevin",Active,Winnipeg North,38km²,"63,681","49,428.17",37.46,,"5,283.84",-,-,-,-,-,"7,200.00",-,-,"1,739.77",,-,"1,139.83",166.90,,"11,076.83",-,108.43,11.69,664.15,703.23,148.20,"1,006.59",-,"78,715.09"
173,"Larouche,Andréanne",Active,Shefford,"1,434km²","91,138","36,138.09",-,,-,-,-,-,-,-,-,-,-,"8,611.00",,-,-,-,,"13,333.32",-,-,"1,754.58",590.58,338.00,280.57,"2,844.16",-,"63,890.30"
174,"Lattanzio,Patricia",Active,Saint-Léonard—Saint-Michel,21km²,"77,136","21,187.41",-,,"1,012.72",-,-,-,-,170.57,219.30,-,-,"4,757.66",,-,-,-,,"13,376.76",-,-,-,446.86,360.83,-,616.89,-,"42,149.00"
175,"Lauzon,Stéphane",Active,Argenteuil—La Petite-Nation,"5,412km²","80,428","52,651.14",-,,-,-,-,-,-,-,-,-,-,"2,472.50",,"3,709.98",-,-,,"6,400.00",-,-,"2,010.00","1,393.17",360.83,-,171.52,-,"69,169.14"
176,"Lawrence,Philip",Active,Northumberland—Peterborough South,"3,001km²","97,186","50,056.25","3,915.00",,320.76,-,-,-,-,-,"6,600.00",-,-,"12,002.50",,-,"2,873.86",-,,"10,239.38",-,-,-,"1,148.06","4,325.49",592.33,-,-,"92,073.63"
177,"LeBlanc,Hon. Dominic",Active,Beauséjour,"4,214km²","70,361","58,580.29",855.00,,-,-,-,333.60,-,-,-,170.94,-,"4,384.20",,"3,988.47",-,-,,"8,000.00",118.99,-,281.41,859.15,364.18,18.09,"1,728.84",-,"79,683.16"
178,"Lebouthillier,Hon. Diane",Active,Gaspésie—Les Îles-de-la-Madeleine,"17,145km²","64,919","46,747.68",-,,"1,768.21",-,-,162.00,-,-,"7,338.58",-,-,"5,049.71",,"1,307.56",-,-,,"13,186.70",-,-,155.88,"1,065.82",360.83,-,"1,479.17",-,"78,622.14"
179,"Lefebvre,Paul",Active,Sudbury,977km²,"75,035","61,693.06","11,830.00",,641.21,-,-,-,-,-,-,312.79,-,"5,423.60",,"2,782.67",-,-,,"12,000.00",-,-,-,948.74,-,-,-,-,"95,632.07"
180,"Lehoux,Richard",Active,Beauce,"4,242km²","86,621","44,157.85",-,,993.50,-,-,47.34,-,521.83,730.30,122.75,217.50,"1,890.00",,-,"4,407.85",-,,"13,360.00",867.50,-,"1,518.80",619.53,"1,501.38",588.70,"1,998.79",-,"73,543.62"
181,"Lemire,Sébastien",Active,Abitibi—Témiscamingue,"37,429km²","82,499","48,825.00","1,590.00",,493.53,-,-,-,-,393.21,"3,050.00",2.69,50.00,"1,564.50",,"3,930.00",-,-,,"10,728.60",-,-,"2,077.80","1,148.31",110.00,66.95,98.85,-,"74,129.44"
182,"Levitt,Michael",Active,York Centre,37km²,"71,100","64,454.95",820.00,,333.02,-,-,-,-,-,-,-,-,932.18,,-,"7,664.47",-,,"14,351.00",-,167.40,20.00,"1,587.00",360.83,559.11,-,-,"91,249.96"
183,"Lewis,Chris",Active,Essex,"1,177km²","102,796","57,403.87","5,210.00",,711.47,-,-,-,-,-,"7,996.00",-,-,"4,258.22",,-,-,-,,"10,142.68",179.99,-,40.00,473.14,190.00,167.50,903.07,-,"87,675.94"
184,"Liepert,Ron",Active,Calgary Signal Hill,66km²,"88,690","48,134.63","16,062.00",,-,-,-,-,-,-,"8,421.36",-,-,-,,"6,408.23","8,781.43",-,,"16,932.16",-,-,100.00,627.92,-,620.77,55.92,-,"106,144.42"
185,"Lightbound,Joël",Active,Louis-Hébert,97km²,"82,395","57,236.22",-,,417.39,-,-,-,-,177.95,"5,996.00",-,-,"5,370.00",,-,-,-,,"14,033.51",-,-,-,"1,231.36",360.83,-,-,-,"84,823.26"
186,"Lloyd,Dane",Active,Sturgeon River—Parkland,"4,000km²","94,282","61,192.29","1,384.86",,"1,128.37",-,-,-,-,-,"9,084.04",-,-,-,,-,-,-,,"15,322.89",-,-,302.10,661.30,-,-,649.32,-,"89,725.17"
187,"Lobb,Ben",Active,Huron—Bruce,"5,896km²","86,416","51,799.11",574.78,,638.64,-,-,974.81,-,414.29,"3,050.00",-,-,528.24,,-,-,-,,"7,220.55",-,-,-,395.08,-,461.04,282.14,-,"66,338.68"
188,"Long,Wayne",Active,Saint John—Rothesay,457km²,"63,677","33,233.72","5,502.00",,-,-,-,685.80,-,-,-,128.45,-,"1,450.00",,"1,110.00",-,-,,"8,066.68","1,700.00",258.01,44.99,"2,077.51",360.83,22.97,876.48,-,"55,517.44"
189,"Longfield,Lloyd",Active,Guelph,92km²,"107,425","54,193.38",740.00,,-,-,-,-,-,-,-,-,-,"9,916.05",,-,-,-,,"14,982.32",-,101.43,"2,798.00",771.52,"1,569.36",301.52,178.00,-,"85,551.58"
190,"Louis,Tim",Active,Kitchener—Conestoga,949km²,"74,975","38,091.44",620.00,,296.65,296.65,-,69.76,-,-,-,-,-,"5,680.00",,-,-,-,,"11,121.69",-,-,944.08,589.99,360.83,-,132.00,27.64,"58,230.73"
191,"Lukiwski,Tom",Active,Moose Jaw—Lake Centre—Lanigan,"32,882km²","59,700","50,276.37",379.58,,"4,881.87",-,-,-,-,-,"3,749.92",-,-,"3,646.88",,"5,933.10",-,-,,"6,100.00",-,-,-,728.84,169.00,-,"2,535.62",-,"78,401.18"
192,"MacAulay,Hon. Lawrence",Active,Cardigan,"2,658km²","29,869","39,780.56",-,,-,-,-,-,-,-,-,-,-,-,,-,-,-,,"11,488.16",74.37,-,-,290.27,360.83,-,49.77,-,"52,043.96"
193,"MacGregor,Alistair",Active,Cowichan—Malahat—Langford,"4,749km²","93,745","52,976.98","1,343.37",,607.37,"2,061.80","6,185.40","1,269.61",-,-,"7,060.88",80.00,-,"2,718.37",,-,-,-,,"13,615.98",-,-,-,"1,037.48",160.00,32.23,28.31,-,"89,177.78"
194,"MacKenzie,Dave",Active,Oxford,"2,384km²","93,166","48,769.97",29.90,,-,626.42,-,-,-,-,"3,390.00",-,-,"1,180.00",,-,-,-,,"11,984.00",-,101.97,"2,340.00",818.49,448.97,9.20,19.77,-,"69,718.69"
195,"MacKinnon,Steven",Active,Gatineau,125km²,"84,667","33,985.36",469.97,,846.10,-,-,-,-,-,-,55.01,-,"1,675.00",,"2,670.00",-,-,,"14,548.46",-,-,-,"1,152.56",360.83,-,"1,171.89",-,"56,935.18"
196,"Maguire,Larry",Active,Brandon—Souris,"18,290km²","63,401","53,098.37",332.70,,"4,119.31",-,-,100.00,-,780.18,"3,753.44",220.78,-,"1,220.00",,-,-,-,,"7,392.44",-,-,200.00,718.42,-,-,"1,665.75",-,"73,601.39"
197,"Maloney,James",Active,Etobicoke—Lakeshore,53km²,"104,246","39,098.44",-,,-,-,-,-,-,-,-,-,-,"3,108.45",,-,-,-,,"13,066.64",-,-,200.00,481.58,360.83,-,-,-,"56,315.94"
198,"Manly,Paul",Active,Nanaimo—Ladysmith,"1,753km²","104,678","54,759.17",-,,"6,127.92",-,-,-,281.96,"1,572.86","4,950.00",-,-,"8,606.93",,-,-,-,,"10,934.02",-,189.60,"6,278.73",659.37,-,-,187.09,27.64,"94,575.29"
199,"Marcil,Simon",Active,Mirabel,868km²,"96,848","53,490.83","16,200.00",,-,-,-,-,-,-,"3,000.00",-,-,-,,-,-,-,,"8,880.96",-,-,95.32,766.35,-,272.25,522.43,-,"83,228.14"
200,"Martel,Richard",Active,Chicoutimi—Le Fjord,"2,819km²","65,747","46,687.60",540.04,,"1,563.39",975.47,-,-,172.03,937.73,"1,126.93",118.88,-,"5,903.41",,-,"1,292.75",-,,"13,137.44",199.99,129.36,-,665.52,-,202.30,855.63,-,"74,508.47"
201,"Martinez Ferrada,Soraya",Active,Hochelaga,20km²,"82,881","44,821.33","5,000.00",,745.46,-,-,-,-,625.77,"7,420.00",-,245.20,"7,599.29",,"7,959.00",-,-,,"13,624.00",-,-,"2,163.54",898.14,901.83,-,552.48,-,"92,556.04"
202,"Masse,Brian",Active,Windsor West,83km²,"94,944","64,156.25",909.26,,871.48,-,-,723.42,-,-,"5,875.90",105.92,-,250.00,,-,-,-,,"5,298.82",-,186.53,9.99,556.80,-,343.76,329.05,-,"79,617.18"
203,"Mathyssen,Lindsay",Active,London—Fanshawe,124km²,"93,944","57,645.03",358.80,,"1,222.44",-,-,596.46,-,"1,657.14","4,471.44",-,"1,080.00","4,320.00",,-,-,-,,"9,131.20",-,-,267.00,360.33,-,248.70,273.42,-,"81,631.96"
204,"May,Bryan",Active,Cambridge,373km²,"90,291","41,662.16",357.50,,457.80,-,-,-,-,340.31,814.25,-,-,"6,374.70",,-,-,-,,"11,920.16",-,-,397.27,"1,410.53",529.83,26.59,-,-,"64,291.10"
205,"May,Elizabeth",Active,Saanich—Gulf Islands,518km²,"91,752","72,004.65",568.74,,"4,778.43","3,504.62",-,478.10,-,-,"5,031.12",-,-,"4,305.39",,-,-,-,,"8,862.42",-,301.10,"2,003.04",771.99,-,-,-,103.82,"102,713.42"
206,"Mazier,Dan",Active,Dauphin—Swan River—Neepawa,"56,820km²","63,250","55,296.97",200.00,,154.76,-,-,"2,198.41",-,117.98,"8,416.00",25.13,-,"1,668.40",,-,"7,333.78",17.07,,"11,166.68",28.88,-,"4,619.99",908.74,-,288.72,754.91,-,"93,196.42"
207,"McCauley,Kelly",Active,Edmonton West,105km²,"89,249","40,935.89","2,561.99",,"9,388.90",370.12,-,513.47,-,659.69,"6,787.50",-,-,990.00,,-,-,-,,"21,157.95",90.00,-,-,484.22,"1,150.50",59.00,"3,953.06",-,"89,102.29"
208,"McColeman,Phil",Active,Brantford—Brant,886km²,"108,602","58,647.70",956.06,,225.00,-,-,-,-,-,"6,516.50",51.99,-,778.00,,-,-,-,,"11,000.00",-,-,-,394.48,320.00,-,376.54,-,"79,266.27"
209,"McCrimmon,Karen",Active,Kanata—Carleton,795km²,"87,281","54,270.07","1,000.00",,-,-,-,-,-,-,-,-,-,"7,276.89",,"7,583.26",-,-,,"10,333.32",-,-,20.00,618.58,360.83,-,-,-,"81,462.95"
210,"McDonald,Ken",Active,Avalon,"7,303km²","70,341","45,303.74",-,,"1,482.38","2,208.85",-,"1,329.75",-,37.10,"7,600.00",26.95,90.00,605.10,,-,-,-,,"9,200.00",-,-,"1,121.87","1,097.36",867.83,420.84,159.00,-,"71,550.77"
211,"McGuinty,Hon. David",Active,Ottawa South,16km²,"92,759","50,209.65",440.00,,-,-,-,-,-,-,-,-,-,300.00,,-,-,-,,"13,354.37",-,-,"2,798.00",396.15,360.83,-,3.95,-,"67,862.95"
212,"McKay,Hon. John",Active,Scarborough—Guildwood,27km²,"68,886","49,008.05",243.62,,-,-,-,-,-,-,"3,239.98",-,41.99,"1,859.00",,-,-,-,,"13,529.23",-,143.34,-,425.83,"1,528.83",46.06,"1,080.13",-,"71,146.06"
213,"McKenna,Hon. Catherine",Active,Ottawa Centre,35km²,"101,219","56,446.65","8,435.00",,-,-,-,-,-,-,-,-,320.00,"8,342.66",,-,-,-,,"9,533.02",-,-,"3,445.49",812.79,529.83,31.23,404.65,-,"88,301.32"
214,"McKinnon,Ron",Active,Coquitlam—Port Coquitlam,650km²,"92,653","51,248.91",950.00,,-,"2,256.74","2,256.74",-,-,-,-,-,-,-,,-,-,-,,"17,225.71",199.78,-,-,434.35,360.83,-,"1,549.32",-,"76,482.38"
215,"McLean,Greg",Active,Calgary Centre,49km²,"97,129","44,759.67","5,175.00",,"2,759.39",-,-,68.72,-,291.70,"3,169.90",473.86,-,-,,"17,695.86",-,-,,"17,516.14",-,-,"1,814.55",918.55,"22,695.63",167.50,966.95,754.92,"119,228.34"
216,"McLeod,Cathy",Active,Kamloops—Thompson—Cariboo,"38,320km²","104,054","57,719.65","1,451.19",,"6,921.44","6,386.06",-,-,486.00,772.37,"8,118.15",-,196.75,"11,407.00",,-,-,-,,"11,693.04",-,-,"2,200.00",966.02,331.50,-,905.14,599.09,"110,153.40"
217,"McLeod,Michael",Active,Northwest Territories,"1,346,106km²","30,704","50,437.06",-,,"6,990.87","2,167.39",-,-,-,-,"6,976.00",-,-,300.00,,-,-,-,,"9,375.80",-,-,74.98,614.50,529.83,-,-,-,"77,466.43"
218,"McPherson,Heather",Active,Edmonton Strathcona,80km²,"78,876","61,342.13","7,170.89",,"2,256.74",-,-,-,-,-,"7,438.93",-,-,"2,078.71",,"12,632.75","3,607.00",-,,"9,396.58",-,-,"4,000.00",658.82,-,128.25,119.73,-,"110,830.53"
219,"Melillo,Eric",Active,Kenora,"321,741km²","46,766","55,485.69",-,,"9,252.10","1,501.40",-,-,-,"1,545.26","5,100.00",-,-,-,,-,-,-,,"15,160.36",-,-,"2,200.00",615.05,169.00,224.43,280.00,-,"91,533.29"
220,"Mendès,Alexandra",Active,Brossard—Saint-Lambert,58km²,"83,716","47,290.82",60.00,,-,-,-,-,-,-,"5,168.00",-,-,"4,653.97",,-,-,-,,"12,933.48",-,-,"2,085.40",741.23,529.83,-,-,-,"73,462.73"
221,"Mendicino,Hon. Marco",Active,Eglinton—Lawrence,24km²,"83,559","39,101.80","3,471.11",,263.90,263.90,527.80,-,-,-,-,-,-,"1,490.00",,-,-,-,,"14,484.60",-,-,6.60,560.08,360.83,-,-,-,"60,530.62"
222,"Michaud,Kristina",Active,Avignon—La Mitis—Matane—Matapédia,"14,723km²","59,618","46,860.63",-,,"7,142.19",-,-,-,-,522.50,"6,080.00",-,-,"8,652.96",,"2,238.76",-,-,,"11,263.60",150.99,-,267.46,836.05,303.69,363.69,646.98,-,"85,329.50"
223,"Miller,Hon. Marc",Active,Ville-Marie—Le Sud-Ouest—Île-des-Soeurs,19km²,"89,012","56,999.95",-,,-,-,284.40,-,-,-,-,-,-,"2,030.47",,-,-,-,,"12,484.08",179.00,-,-,"1,031.47",360.83,-,101.75,-,"73,471.95"
224,"Monsef,Hon. Maryam",Active,Peterborough—Kawartha,"3,473km²","100,351","63,338.82",336.00,,-,-,-,-,-,-,"6,780.00",-,-,"7,646.97",,-,-,-,,"10,611.78",169.99,-,326.55,"1,749.26",529.83,63.97,246.84,-,"91,800.01"
225,"Moore,Hon. Rob",Active,Fundy Royal,"7,686km²","65,543","59,292.80","5,100.00",,373.10,-,-,117.07,-,37.32,-,-,-,461.00,,-,"4,442.57",-,,"9,830.00",-,-,-,776.03,-,59.04,206.25,-,"80,695.18"
226,"Morantz,Marty",Active,Charleswood—St. James—Assiniboia—Headingley,207km²,"65,949","56,311.64",-,,"2,261.74",-,-,414.72,-,-,"5,236.00",-,-,842.67,,-,-,-,,"11,995.07",-,-,-,902.26,963.85,-,-,-,"78,927.95"
227,"Morneau,Hon. Bill",Active,Toronto Centre,6km²,"83,076","52,918.93",772.80,,-,-,-,-,-,-,-,-,-,615.00,,-,"3,200.00",-,,"14,969.91",-,-,-,746.55,360.83,374.13,-,-,"73,958.15"
228,"Morrison,Rob",Active,Kootenay—Columbia,"64,336km²","93,002","53,355.92","3,599.00",,"14,840.68",282.37,-,"1,422.51","1,217.16","1,714.33","1,111.18",438.97,-,-,,-,-,-,,"11,776.64","3,939.70",-,"1,602.49","1,179.09",142.50,37.35,595.32,-,"97,255.21"
229,"Morrissey,Robert",Active,Egmont,"1,527km²","28,557","44,032.24","3,000.00",,-,-,-,-,-,-,-,-,-,-,,-,-,-,,"5,275.20",-,-,-,408.28,360.83,-,282.55,-,"53,359.10"
230,"Motz,Glen",Active,Medicine Hat—Cardston—Warner,"29,982km²","79,596","51,910.11",89.85,,"9,829.99","2,270.66",-,-,-,638.34,"7,592.34",312.73,-,"2,912.30",,"4,946.90",-,-,,"9,470.92",68.00,309.80,"6,538.00",846.25,-,-,293.92,-,"98,030.11"
231,"Murray,Hon. Joyce",Active,Vancouver Quadra,42km²,"75,967","49,136.25","1,614.82",,"2,256.74",-,-,478.10,-,-,"3,182.97",5.99,-,200.00,,-,"6,121.91",-,,"15,581.20",-,"1,221.59",300.99,776.40,360.83,564.67,"1,003.83",27.64,"82,833.93"
232,"Nater,John",Active,Perth—Wellington,"3,782km²","83,501","52,811.70",-,,"3,593.95",-,-,-,-,"1,243.26","8,425.92",-,-,-,,-,-,-,,"14,178.85",-,-,"1,106.24",574.38,169.00,-,-,-,"82,103.30"
233,"Ng,Hon. Mary",Active,Markham—Thornhill,44km²,"72,499","55,622.51","1,066.79",,"4,031.48",-,-,-,-,-,"7,366.53",-,-,"4,156.00",,-,-,-,,"15,535.00",-,-,993.71,711.00,507.00,-,730.05,-,"90,720.07"
234,"Normandin,Christine",Active,Saint-Jean,734km²,"91,228","57,549.61",499.82,,-,-,-,213.53,-,-,"4,400.00",200.28,-,"2,417.96",,"3,172.88",-,-,,"8,000.00","1,950.00",-,"1,820.00","1,565.16",-,546.96,480.77,-,"82,816.97"
235,"O'Connell,Jennifer",Active,Pickering—Uxbridge,687km²,"92,933","59,799.63",-,,-,-,-,-,-,-,"7,606.31",-,-,770.00,,-,-,-,,"9,553.20",-,-,-,342.58,360.83,-,-,55.28,"78,487.83"
236,"Oliphant,Robert",Active,Don Valley West,32km²,"74,003","52,892.40","2,796.54",,-,-,-,-,-,-,-,-,-,"7,015.00",,-,-,-,,"16,173.66",-,-,-,509.67,360.83,-,152.99,-,"79,901.09"
237,"O'Regan,Hon. Seamus",Active,St. John's South—Mount Pearl,503km²,"67,643","48,384.31","6,000.00",,-,-,-,239.00,-,-,"6,978.24",42.77,-,"1,474.50",,-,-,-,,"12,084.00",-,-,"1,351.45","1,632.67","1,205.83",-,300.94,-,"79,693.71"
238,"O'Toole,Hon. Erin",Active,Durham,953km²,"108,096","58,289.39","2,518.75",,"2,055.84",342.64,-,-,-,909.83,"9,200.00",-,"1,790.95","7,568.00",,"3,170.00",-,-,,"8,819.81",-,489.92,"2,200.00",844.26,-,10.95,759.82,-,"98,970.16"
239,"Patzer,Jeremy",Active,Cypress Hills—Grasslands,"77,822km²","50,705","45,458.54",144.00,,"6,073.56",-,-,-,-,"1,335.59","7,400.00",46.00,-,"5,182.71",,"4,323.39",-,-,,"7,700.00",-,-,"2,869.00","1,043.61",466.82,20.76,425.65,-,"82,489.63"
240,"Paul-Hus,Pierre",Active,Charlesbourg—Haute-Saint-Charles,118km²,"85,926","56,468.59",711.50,,846.06,-,-,-,-,438.40,"7,400.00",199.36,325.64,"5,340.25",,-,"3,537.96",-,,"7,966.52",-,-,"3,558.84",879.77,13.40,210.52,156.10,-,"88,052.91"
241,"Pauzé,Monique",Active,Repentigny,198km²,"92,684","53,173.93",-,,-,-,-,-,-,-,"7,070.00",7.01,-,"6,465.10",,-,"2,978.10",-,,"8,160.00",-,-,20.00,659.32,-,295.95,451.44,-,"79,280.85"
242,"Perron,Yves",Active,Berthier—Maskinongé,"4,420km²","84,645","49,946.11",81.62,,"1,537.02",-,-,-,-,"1,947.64","2,196.83",20.78,"1,272.95",663.34,,"7,458.89",-,-,,"6,001.98",499.99,-,-,653.91,125.00,296.33,"2,543.88",-,"75,246.27"
243,"Petitpas Taylor,Hon. Ginette",Active,Moncton—Riverview—Dieppe,168km²,"75,005","35,188.62",324.84,,-,-,-,21.86,-,-,"6,188.72",51.73,-,"2,086.40",,-,-,"1,002.50",,"7,044.08",308.00,86.25,"8,040.00",732.16,360.83,-,528.21,-,"61,964.20"
244,"Plamondon,Louis",Active,Bécancour—Nicolet—Saurel,"2,870km²","79,314","42,353.91","2,306.04",,459.54,-,-,-,-,-,-,-,250.00,"7,109.82",,-,-,399.00,,"5,339.39",-,-,-,796.49,619.99,-,313.05,-,"59,947.23"
245,"Poilievre,Hon. Pierre",Active,Carleton,"1,229km²","88,701","58,149.54",-,,-,-,-,-,-,-,-,-,-,-,,-,-,-,,"8,453.56",-,-,"1,872.00",927.31,-,-,-,-,"69,402.41"
246,"Powlowski,Marcus",Active,Thunder Bay—Rainy River,"39,545km²","66,306","56,762.93",-,,-,-,-,-,-,-,-,59.97,-,"3,101.08",,-,-,-,,"11,900.00",-,-,-,588.34,360.83,-,63.49,-,"72,836.64"
247,"Qaqqaq,Mumilaaq",Active,Nunavut,"2,093,190km²","20,025","58,466.22",-,,"3,529.30",-,-,-,-,-,"4,300.00",-,-,-,,-,-,-,,"19,200.00",-,-,267.08,600.32,338.00,-,-,-,"86,700.92"
248,"Qualtrough,Hon. Carla",Active,Delta,207km²,"77,216","36,176.74",101.00,,"3,385.11","2,256.74","4,513.48","1,080.32",-,445.76,"7,000.00",-,-,"10,891.85",,-,-,-,,"23,460.35",-,59.81,-,939.99,360.83,200.00,204.09,-,"91,076.07"
249,"Ratansi,Yasmin",Active,Don Valley East,24km²,"66,530","58,797.70",375.57,,-,-,-,73.86,-,-,-,-,-,"5,171.60",,"4,975.00",-,-,,"16,324.00",-,-,283.99,762.21,360.83,17.99,140.74,-,"87,283.49"
250,"Rayes,Alain",Active,Richmond—Arthabaska,"3,571km²","86,896","53,400.52",526.27,,686.24,-,-,-,-,568.17,"7,200.00",200.00,-,"4,175.00",,"7,275.76",-,-,,"10,978.32",-,-,200.00,914.68,-,-,349.41,-,"86,474.37"
251,"Redekopp,Brad",Active,Saskatoon West,93km²,"61,577","47,180.65","2,436.88",,"4,371.55",-,-,-,135.04,329.63,-,-,-,"4,699.00",,-,-,187.43,,"7,641.48",269.66,-,106.48,898.98,-,260.83,423.19,592.38,"69,533.18"
252,"Regan,Hon. Geoff",Active,Halifax West,260km²,"77,531","60,453.09",-,,-,-,-,-,-,-,"7,600.00",-,-,686.70,,"5,779.98","3,996.63",-,,"10,719.00",-,-,-,835.15,360.83,282.28,850.22,-,"91,563.88"
253,"Reid,Scott",Active,Lanark—Frontenac—Kingston,"7,322km²","87,395","49,322.79","17,400.00",,-,-,-,-,-,-,-,-,-,-,,-,-,-,,-,65.21,-,15.34,927.15,-,6.10,47.37,-,"67,783.96"
254,"Rempel Garner,Hon. Michelle",Active,Calgary Nose Hill,57km²,"83,395","49,529.51",59.70,,-,-,-,478.10,-,-,"7,000.00",-,-,-,,-,-,-,,"16,622.24",-,-,"2,210.00","1,281.35",-,-,-,-,"77,180.90"
255,"Richards,Blake",Active,Banff—Airdrie,"12,282km²","108,264","43,881.45",-,,"6,330.66",-,-,-,-,163.31,-,-,-,-,,"3,546.01",-,-,,"13,120.00",-,-,-,"1,016.98",-,552.26,221.70,-,"68,832.37"
256,"Robillard,Yves",Active,Marc-Aurèle-Fortin,54km²,"78,632","52,085.22",85.00,,712.60,-,-,271.56,-,616.65,"8,400.00",-,-,"3,632.00",,"7,214.60",-,12.01,,"9,312.00",-,-,"2,425.00",646.88,360.83,-,472.29,-,"86,246.64"
257,"Rodriguez,Hon. Pablo",Active,Honoré-Mercier,39km²,"78,850","53,890.52",-,,-,-,-,-,-,"3,182.65","3,050.00",-,-,"1,649.46",,"6,475.00",-,-,,"10,650.00",-,-,149.99,"1,001.43",-,-,89.99,-,"80,139.04"
258,"Rogers,Churence",Active,Bonavista—Burin—Trinity,"18,961km²","60,166","54,796.45",-,,-,-,-,-,-,-,"7,524.00",-,-,-,,-,-,-,,"13,000.00",-,-,-,875.90,360.83,-,-,-,"76,557.18"
259,"Romanado,Sherry",Active,Longueuil—Charles-LeMoyne,39km²,"83,920","48,425.82","2,004.00",,703.10,-,-,-,-,355.67,"7,714.57",-,-,"3,381.25",,-,-,-,,"11,360.36",-,-,807.30,667.53,"1,176.83",-,-,-,"76,596.43"
260,"Rood,Lianne",Active,Lambton—Kent—Middlesex,"5,278km²","88,838","46,739.64","1,280.00",,"3,536.81",-,-,256.98,-,"2,154.61","3,350.34",63.98,-,"2,298.00",,-,-,-,,"12,548.61",-,-,"1,486.53",796.11,56.31,59.70,772.68,-,"75,400.30"
261,"Rota,Hon. Anthony",Active,Nipissing—Timiskaming,"15,313km²","75,052","49,565.77","1,036.00",,839.36,-,184.17,-,-,552.50,-,-,-,704.00,,-,-,-,,"10,680.31",-,-,-,871.34,836.29,-,276.05,-,"65,545.79"
262,"Ruff,Alex",Active,Bruce—Grey—Owen Sound,"6,447km²","89,386","48,267.56",320.00,,"1,540.83",-,-,-,-,362.01,"2,888.00",-,-,"2,850.00",,"2,720.00",-,-,,"11,853.32",-,-,"1,404.00",283.79,-,-,710.54,-,"73,200.05"
263,"Sahota,Jag",Active,Calgary Skyview,123km²,"84,915","44,629.54",-,,"2,256.74",-,-,-,-,393.21,-,-,-,-,,-,-,-,,"13,535.88",-,-,"2,210.00",468.79,-,-,-,-,"63,494.16"
264,"Sahota,Ruby",Active,Brampton North,36km²,"78,229","51,628.57",-,,-,-,-,-,-,-,-,-,-,-,,-,-,-,,"16,713.40",-,-,-,462.33,360.83,-,-,-,"69,165.13"
265,"Saini,Raj",Active,Kitchener Centre,44km²,"83,884","40,388.86",-,,"2,262.17",-,-,466.25,-,516.56,"1,832.07",-,-,-,,-,"3,213.68",-,,"11,200.00",-,-,-,761.19,360.83,657.52,-,-,"61,659.13"
266,"Sajjan,Hon. Harjit S.",Active,Vancouver South,21km²,"74,826","33,722.37",369.90,,"3,385.11",-,-,-,-,-,"10,000.00",-,-,"9,236.58",,-,-,-,,"10,606.28",-,220.20,-,813.12,525.83,-,"2,611.76",-,"71,491.15"
267,"Samson,Darrell",Active,Sackville—Preston—Chezzetcook,777km²,"71,759","50,267.94",450.00,,-,811.32,-,"1,536.33",-,-,-,-,-,"4,739.19",,-,-,-,,"7,451.52",44.78,-,-,917.75,360.83,319.01,562.69,600.00,"68,061.36"
268,"Sangha,Ramesh",Active,Brampton Centre,46km²,"67,890","33,892.28",850.00,,-,-,-,-,-,-,"1,500.00",-,-,-,,-,-,-,,"16,000.00",-,-,133.54,831.99,529.83,-,-,-,"53,737.64"
269,"Sarai,Randeep",Active,Surrey Centre,44km²,"76,731","37,647.37",733.06,,-,-,-,-,-,-,"8,800.00",-,-,"5,801.25",,"4,303.86",-,-,,"21,448.75",-,-,"4,269.47",803.28,867.83,-,628.15,-,"85,303.02"
270,"Saroya,Bob",Active,Markham—Unionville,89km²,"88,882","40,243.55",-,,-,-,-,-,-,-,"4,422.36",-,-,"1,540.00",,"4,680.00",-,-,,"12,123.00",-,-,-,542.08,-,-,-,-,"63,550.99"
271,"Savard-Tremblay,Simon-Pierre",Active,Saint-Hyacinthe—Bagot,"1,948km²","82,039","52,587.42",160.00,,564.04,-,-,"3,032.66",-,525.62,"5,400.00",-,-,"9,669.00",,-,"9,327.60",-,,"9,536.80",-,"1,200.00",75.00,457.73,665.18,608.85,519.11,-,"94,329.01"
272,"Scarpaleggia,Francis",Active,Lac-Saint-Louis,81km²,"84,074","54,325.94","6,550.96",,"1,601.32",-,-,-,-,126.58,-,-,-,"1,789.82",,-,-,-,,"14,844.24",-,-,-,585.26,360.83,-,-,-,"80,184.95"
273,"Scheer,Hon. Andrew",Active,Regina—Qu'Appelle,"13,430km²","56,412","66,489.63",882.17,,"1,199.50",642.45,"3,212.25","1,968.95",-,-,-,-,-,"9,822.50",,-,-,-,,"12,480.30",326.20,-,154.99,572.68,169.00,5.00,589.37,-,"98,514.99"
274,"Schiefke,Peter",Active,Vaudreuil—Soulanges,408km²,"95,659","57,415.80",283.09,,737.90,-,-,245.88,-,491.50,-,-,-,"3,385.73",,-,-,-,,"10,646.88",-,"1,167.12",373.62,737.28,660.82,-,"1,405.25",-,"77,550.87"
275,"Schmale,Jamie",Active,Haliburton—Kawartha Lakes—Brock,"8,941km²","99,274","53,551.45","2,192.24",,997.44,-,-,487.04,-,579.99,"8,709.61",-,-,"5,852.49",,-,"4,461.04",-,,"7,367.92",271.92,420.13,"3,020.19",774.34,"1,820.16",241.09,794.44,-,"91,541.49"
276,"Schulte,Hon. Deb",Active,King—Vaughan,449km²,"100,174","49,091.78",129.00,,-,-,-,-,-,-,"7,882.15",-,-,"8,404.99",,-,-,-,,"10,139.39",-,-,29.99,365.33,360.83,-,-,-,"76,403.46"
277,"Seeback,Kyle",Active,Dufferin—Caledon,"2,293km²","106,347","43,008.31","12,257.53",,"2,993.35",-,-,-,-,"2,200.00","1,424.43",30.96,-,"6,361.60",,-,-,-,,"9,191.42",-,83.76,"3,745.89",612.58,-,-,169.24,27.64,"82,106.71"
278,"Serré,Marc",Active,Nickel Belt,"30,490km²","76,585","58,032.23",484.94,,"1,653.75",-,-,-,-,275.67,"6,400.00",-,-,"2,220.00",,-,"3,905.05",-,,"12,051.31",-,179.40,20.00,"1,293.15","6,821.78",310.29,"1,737.42",-,"95,384.99"
279,"Sgro,Hon. Judy A.",Active,Humber River—Black Creek,32km²,"69,523","43,008.25",750.00,,619.12,225.00,-,-,-,-,"3,050.00",-,-,"4,877.80",,"3,759.48",-,-,,"13,197.00",-,-,-,774.80,360.83,-,875.00,-,"71,497.28"
280,"Shanahan,Brenda",Active,Châteauguay—Lacolle,940km²,"78,384","40,084.71","1,035.75",,603.21,-,-,-,-,-,"8,602.76",-,-,"15,265.70",,-,-,-,,"8,720.00",-,-,-,839.84,495.83,414.31,438.99,-,"76,501.10"
281,"Sheehan,Terry",Active,Sault Ste. Marie,"5,921km²","66,668","45,368.31",-,,342.90,-,-,-,-,-,"7,033.08",-,-,"4,263.00",,"2,419.00",-,-,,"6,600.00",-,-,-,859.30,-,344.24,-,-,"67,229.83"
282,"Shields,Martin",Active,Bow River,"24,427km²","80,610","52,042.09",531.00,,"3,558.82",-,-,-,-,-,"1,500.00",16.97,-,"12,512.08",,-,"6,137.90",-,,"10,345.00",-,-,"6,407.00","2,033.11",-,254.61,192.74,-,"95,531.32"
283,"Shin,Nelly",Active,Port Moody—Coquitlam,101km²,"82,674","30,709.66","2,016.67",,"3,677.44",-,-,-,-,-,"9,110.09",-,-,"2,378.93",,-,-,260.26,,"11,368.14",21.97,-,"1,690.61",560.42,-,236.12,"2,698.80",-,"64,729.11"
284,"Shipley,Doug",Active,Barrie—Springwater—Oro-Medonte,"1,027km²","81,414","53,564.84","3,220.60",,"1,243.44",-,-,-,-,460.04,"6,862.69",-,-,"2,180.00",,"4,614.00",-,-,,"5,813.07",-,-,"1,912.00",859.32,619.00,175.00,840.79,-,"82,364.79"
285,"Sidhu,Maninder",Active,Brampton East,89km²,"78,728","51,181.95","1,175.00",,383.45,-,-,-,-,128.62,292.75,-,-,"2,315.00",,-,"1,096.77",-,,"14,490.68",249.97,-,"2,753.91",403.08,360.83,260.12,41.97,-,"75,134.10"
286,"Sidhu,Sonia",Active,Brampton South,49km²,"79,046","52,880.43",-,,-,-,-,-,-,-,"3,050.00",-,-,650.00,,-,"6,696.06",-,,-,-,-,-,721.29,360.83,234.23,-,-,"64,592.84"
287,"Sikand,Gagan",Active,Mississauga—Streetsville,49km²,"87,961","55,587.81",88.89,,450.67,-,-,-,-,-,-,"1,080.00",-,"8,269.56",,-,-,-,,"10,186.35",-,-,-,647.61,360.83,-,66.67,-,"76,738.39"
288,"Simard,Mario",Active,Jonquière,"42,453km²","72,961","46,063.10","1,365.90",,"2,461.60",-,-,-,-,"1,270.68","3,207.68",123.46,-,"10,547.50",,"4,217.11",-,-,,"8,000.00",611.75,-,-,874.71,-,250.90,"1,735.26",-,"80,729.65"
289,"Simms,Scott",Active,Coast of Bays—Central—Notre Dame,"43,596km²","63,639","63,286.87",360.00,,737.80,-,-,632.94,-,196.60,"8,299.97",160.78,-,"2,600.00",,-,-,-,,"12,400.00",-,"1,533.65",-,783.87,360.83,-,300.81,-,"91,654.12"
290,"Singh,Jagmeet",Active,Burnaby South,47km²,"80,312","49,136.61",150.00,,"1,333.95","7,212.54",-,111.60,-,"1,122.01","8,600.00",-,-,611.98,,-,-,-,,"13,157.24",-,-,-,784.98,-,-,-,-,"82,220.91"
291,"Sloan,Derek",Active,Hastings—Lennox and Addington,"9,217km²","80,434","57,313.43",374.29,,325.52,-,-,319.12,-,196.83,135.36,-,-,-,,-,-,-,,"12,810.95",-,-,-,"2,027.06",755.00,28.04,158.51,120.00,"74,564.11"
292,"Sorbara,Francesco",Active,Vaughan—Woodbridge,84km²,"80,593","47,473.83",500.00,,446.20,-,-,-,-,119.96,187.82,-,-,"8,387.00",,-,"4,653.63",-,,"14,208.79",281.64,-,-,692.59,360.83,300.56,912.91,27.64,"78,553.40"
293,"Soroka,Gerald",Active,Yellowhead,"76,127km²","76,197","45,938.73",360.00,,"5,062.56",-,-,-,-,411.83,"6,612.64",-,-,"6,901.29",,-,-,-,,"7,000.00",-,-,199.00,"1,112.84",469.50,-,599.60,-,"74,667.99"
294,"Spengemann,Sven",Active,Mississauga—Lakeshore,92km²,"90,419","48,872.99","7,915.23",,-,-,-,333.02,-,-,-,-,-,300.00,,-,-,-,,"15,075.50",-,19.90,"1,092.89",598.08,524.83,-,-,-,"74,732.44"
295,"Stanton,Bruce",Active,Simcoe North,"1,894km²","97,613","55,046.01",-,,"2,373.70",-,-,-,-,"1,874.33","6,700.83",-,-,"1,915.00",,-,"3,616.00",-,,"16,321.56",-,-,"10,550.55",377.13,-,473.14,736.73,-,"99,984.98"
296,"Steinley,Warren",Active,Regina—Lewvan,58km²,"68,770","45,702.66","1,966.08",,"3,468.19",-,-,-,-,-,-,739.65,-,"6,388.68",,-,-,-,,"5,200.00",320.85,-,"3,516.33",835.66,169.00,236.00,"1,179.28",-,"69,722.38"
297,"Ste-Marie,Gabriel",Active,Joliette,"9,102km²","89,118","51,293.57","1,361.50",,"1,151.55",-,-,-,-,798.23,"6,000.00",-,-,"2,596.00",,"7,442.89",-,-,,"4,161.60",-,-,400.88,526.43,553.75,336.03,205.92,-,"76,828.35"
298,"Strahl,Mark",Active,Chilliwack—Hope,"3,355km²","82,824","49,790.65",674.41,,-,-,-,-,-,-,"7,502.74",50.11,-,"8,253.00",,"8,257.57","5,601.88",-,,"11,213.49",-,148.73,-,328.99,-,571.49,513.45,-,"92,906.51"
299,"Stubbs,Shannon",Active,Lakeland,"31,877km²","80,578","70,380.20",-,,451.03,-,-,-,-,-,"6,598.00",-,-,-,,-,-,-,,"7,700.00","1,850.39",-,"2,218.34",767.54,-,190.39,404.94,-,"90,560.83"
300,"Sweet,David",Active,Flamborough—Glanbrook,941km²,"89,823","55,359.01","10,396.00",,"1,773.05",503.97,-,-,-,876.07,"9,036.06",-,-,270.00,,-,-,-,,"6,466.74",-,-,"1,591.00",918.28,-,251.60,242.84,-,"87,684.62"
301,"Tabbara,Marwan",Active,Kitchener South—Hespeler,111km²,"80,150","53,173.87",715.00,,-,-,-,-,-,-,-,-,-,"6,541.16",,-,-,-,,"12,174.78",-,-,"2,905.75",631.75,360.83,-,121.41,27.64,"76,652.19"
302,"Tassi,Hon. Filomena",Active,Hamilton West—Ancaster—Dundas,110km²,"89,679","42,902.73","9,328.00",,"1,481.18","1,148.16",-,-,-,-,"8,536.00",-,-,"4,558.00",,-,-,-,,"10,807.97",-,-,44.99,696.21,779.83,-,390.20,-,"80,673.27"
303,"Thériault,Luc",Active,Montcalm,906km²,"88,809","47,113.64",528.48,,-,-,-,-,-,-,"7,280.68",-,116.00,"6,396.00",,-,-,-,,"10,200.00",-,-,-,846.68,-,283.72,-,-,"72,765.20"
304,"Therrien,Alain",Active,La Prairie,295km²,"87,062","55,002.63",105.00,,"2,157.06",-,-,-,-,"1,686.36","1,418.02",-,-,650.00,,-,-,-,,"7,500.00",-,-,-,739.37,756.00,-,111.98,-,"70,126.42"
305,"Tochor,Corey",Active,Saskatoon—University,71km²,"62,012","39,639.95",722.99,,-,-,-,-,-,-,-,198.56,81.57,"7,488.00",,-,-,-,,"14,670.59",822.21,-,20.54,893.56,-,381.17,466.45,-,"65,385.59"
306,"Trudeau,Right Hon. Justin",Active,Papineau,10km²,"77,341","41,665.06",107.70,,-,-,-,-,-,-,-,-,-,"6,358.86",,-,-,-,,"13,673.28",-,-,-,389.64,360.83,-,43.84,-,"62,599.21"
307,"Trudel,Denis",Active,Longueuil—Saint-Hubert,56km²,"87,319","42,217.84",-,,-,-,-,-,-,-,"7,440.00",553.00,-,"2,999.58",,-,-,-,,"12,472.00",-,-,917.48,551.02,-,324.97,723.49,-,"68,199.38"
308,"Turnbull,Ryan",Active,Whitby,155km²,"98,572","44,721.72","7,916.86",,-,-,-,-,-,-,-,-,-,"1,163.35",,-,-,-,,"9,831.30",-,-,-,847.44,529.83,-,"1,120.14",-,"66,130.64"
309,"Uppal,Hon. Tim",Active,Edmonton Mill Woods,50km²,"78,601","58,707.72",280.00,,"3,385.11",-,-,-,-,-,-,-,-,"4,965.00",,-,-,-,,"12,800.00",-,-,517.49,760.84,-,125.34,"1,180.46",-,"82,721.96"
310,"Van Bynen,Tony",Active,Newmarket—Aurora,62km²,"91,880","55,821.68","2,250.00",,-,-,-,-,-,-,"8,800.00",-,-,"5,300.00",,-,-,-,,"10,952.00",-,-,294.63,"1,340.65",698.83,429.53,"2,073.10",-,"87,960.42"
311,"van Koeverden,Adam",Active,Milton,472km²,"85,353","45,549.63",-,,-,-,-,-,-,-,-,-,-,-,,-,-,-,,"14,000.00",-,-,-,915.14,360.83,304.69,16.50,-,"61,146.79"
312,"Van Popta,Tako",Active,Langley—Aldergrove,382km²,"93,499","54,247.62",456.25,,"3,354.29",-,-,-,-,-,"7,521.43",-,-,"3,477.10",,-,-,-,,"13,711.68",-,32.71,"2,815.22",499.58,524.68,270.83,-,-,"86,911.39"
313,"Vandal,Hon. Dan",Active,Saint Boniface—Saint Vital,65km²,"68,631","46,593.12",200.00,,"3,028.70",-,-,-,-,340.67,"7,800.00",-,-,"4,247.49",,"5,823.75",-,-,,"14,624.50",-,-,-,569.65,595.77,-,960.45,-,"84,784.10"
314,"Vandenbeld,Anita",Active,Ottawa West—Nepean,71km²,"87,394","54,056.60",928.97,,-,-,-,-,-,-,-,-,-,488.35,,"3,278.86",-,-,,"10,324.71",-,-,500.00,679.33,360.83,-,-,-,"70,617.65"
315,"Vaughan,Adam",Active,Spadina—Fort York,21km²,"93,251","52,487.43",300.00,,-,-,-,-,-,-,-,-,-,-,,-,-,-,,"10,100.00",-,-,-,429.53,360.83,415.90,-,-,"64,093.69"
316,"Vecchio,Karen",Active,Elgin—Middlesex—London,"2,640km²","94,026","59,374.71","2,032.98",,"2,311.04",-,-,701.73,-,364.33,"6,960.00",-,-,"16,271.96",,-,-,-,,"6,080.00",-,-,468.85,"2,863.56",250.17,17.02,"1,621.81",-,"99,318.16"
317,"Vidal,Gary",Active,Desnethé—Missinippi—Churchill River,"342,903km²","47,985","53,031.90",-,,"1,800.70",-,-,781.55,-,236.57,"8,400.00",-,-,"7,437.28",,"5,517.00",-,-,,"4,400.00",-,-,"2,543.58","2,558.64",628.00,-,"2,629.85",-,"89,965.07"
318,"Viersen,Arnold",Active,Peace River—Westlock,"105,924km²","75,814","61,831.45",763.99,,"1,912.40",-,-,-,-,-,"7,600.00",-,-,"4,085.25",,"6,206.50",-,-,,"7,340.35",-,-,"1,604.00",455.86,-,-,16.50,-,"91,816.30"
319,"Vignola,Julie",Active,Beauport—Limoilou,35km²,"78,080","52,294.18","7,543.00",,422.10,-,-,-,-,119.96,318.17,213.98,-,"8,769.99",,"5,178.45","2,567.38",-,,"8,708.32",131.70,-,60.79,500.50,"1,270.39",358.83,471.24,90.00,"89,018.98"
320,"Virani,Arif",Active,Parkdale—High Park,16km²,"84,479","53,764.15","6,386.20",,-,-,-,-,-,-,"8,030.73",-,-,"1,606.80",,"3,143.46",-,-,,"9,279.37",-,-,-,"1,032.45",360.83,-,-,-,"83,603.99"
321,"Vis,Brad",Active,Mission—Matsqui—Fraser Canyon,"21,769km²","69,969","46,920.32","1,405.54",,"1,357.50","2,256.74",956.20,337.12,-,36.49,"6,051.70",95.57,-,"7,180.09",,-,-,449.40,,"11,125.24",-,-,996.11,619.90,169.00,490.55,332.52,-,"80,779.99"
322,"Wagantall,Cathay",Active,Yorkton—Melville,"43,272km²","53,643","65,757.97",290.40,,"3,382.87","5,339.52",-,-,-,-,"8,174.53",-,-,"3,458.84",,-,-,-,,"8,844.27",-,-,101.32,"1,149.90","1,423.58",-,433.19,-,"98,356.39"
323,"Warkentin,Chris",Active,Grande Prairie—Mackenzie,"109,194km²","86,736","45,883.50","1,117.23",,"3,317.93",691.77,-,-,-,-,-,77.98,-,336.00,,-,-,-,,"17,193.57",-,-,"5,558.26",575.25,540.70,-,626.38,-,"75,918.57"
324,"Waugh,Kevin",Active,Saskatoon—Grasswood,342km²,"64,874","53,280.32",654.47,,"3,125.23",-,-,-,132.65,702.14,"3,749.92",-,-,"10,029.50",,-,-,-,,"10,702.97",-,-,"1,458.63",657.34,-,-,532.84,-,"85,026.01"
325,"Webber,Len",Active,Calgary Confederation,54km²,"93,160","65,216.14",449.00,,442.40,-,-,-,-,-,"7,109.22",-,-,-,,"7,339.22",-,-,,"16,865.35",-,-,-,534.82,-,-,64.16,-,"98,020.31"
326,"Weiler,Patrick",Active,West Vancouver—Sunshine Coast—Sea to Sky Country,"13,237km²","95,395","54,100.44",212.49,,-,-,-,-,-,-,"8,936.45",-,-,"1,481.12",,-,-,-,,"4,185.26",80.24,-,200.00,"1,011.04",360.83,29.22,"1,173.58",-,"71,770.67"
327,"Wilkinson,Hon. Jonathan",Active,North Vancouver,342km²,"88,874","52,213.59","2,275.00",,"2,270.07",-,-,"1,434.30",-,-,"5,302.54",-,-,"4,108.80",,"10,174.75",-,-,,"19,394.20",-,920.00,-,699.68,"2,996.18",-,"2,125.40",-,"103,914.51"
328,"Williamson,John",Active,New Brunswick Southwest,"10,770km²","53,889","55,969.39",-,,670.84,-,-,-,141.11,"4,375.85","3,263.90",-,-,-,,-,-,-,,"7,144.92",-,-,-,297.37,-,25.68,692.63,-,"72,581.69"
329,"Wilson-Raybould,Hon. Jody",Active,Vancouver Granville,23km²,"82,985","39,979.83",155.84,,"1,685.25",-,-,-,-,202.81,"3,211.90",-,-,"1,867.00",,-,-,-,,"27,166.68",-,-,-,"1,142.56",-,-,12.00,-,"75,423.87"
330,"Wong,Hon. Alice",Active,Richmond Centre,49km²,"73,975","45,130.49","6,400.00",,-,-,-,-,-,-,"7,467.96",-,-,240.00,,-,-,-,,"15,825.30",324.21,11.97,"5,596.00","1,350.78",-,-,19.80,-,"82,366.51"
331,"Yip,Jean",Active,Scarborough—Agincourt,22km²,"71,907","42,585.42","1,980.00",,35.71,-,-,-,-,-,-,-,-,"1,428.83",,"3,650.00",-,-,,"16,111.98",-,-,57.98,764.88,360.83,-,-,-,"66,975.63"
332,"Young,Kate",Active,London West,82km²,"100,387","54,077.81","8,595.86",,-,-,-,-,-,-,-,-,-,"6,525.84",,-,-,"2,157.64",,"9,600.00",154.94,61.11,-,747.43,360.83,-,-,-,"82,281.46"
333,"Yurdiga,David",Active,Fort McMurray—Cold Lake,"147,412km²","79,222","57,936.69",-,,413.08,-,-,524.80,-,317.61,"7,211.97",-,383.70,"1,000.00",,"11,997.60",-,-,,"22,788.00",-,-,"2,626.00","1,012.18",-,-,353.88,-,"106,565.51"
334,"Zahid,Salma",Active,Scarborough Centre,30km²,"76,698","52,162.02",145.26,,-,-,-,-,-,-,"7,076.41",-,-,"4,547.75",,"4,190.00",-,165.00,,"11,923.49",-,-,60.00,"1,044.57",360.83,-,-,-,"81,675.33"
335,"Zann,Lenore",Active,Cumberland—Colchester,"8,269km²","66,967","50,491.21",185.00,,-,-,-,-,-,-,-,-,-,"1,893.74",,-,-,86.89,,"11,200.00",-,-,119.99,407.93,360.83,-,106.86,-,"64,852.45"
336,"Zimmer,Bob",Active,Prince George—Peace River—Northern Rockies,"243,276km²","81,094","65,630.45","1,297.14",,"14,327.54",-,661.12,"3,796.55",-,"1,762.38",730.30,226.28,-,"2,487.61",,-,-,-,,"6,800.00","1,614.25",192.67,938.10,"3,144.65","2,745.40",45.37,"1,089.50",-,"107,489.31"
337,"Zuberi,Sameer",Active,Pierrefonds—Dollard,53km²,"83,562","42,490.23",60.00,,168.90,-,-,868.36,-,388.57,616.98,160.50,-,"1,491.96",,-,-,-,,"14,781.52",-,-,"9,257.68",399.77,360.83,-,-,-,"71,045.30"
